filename,eye_count,lips_count,face_count
vHX717.png,2,3,2
vRX729.png,5,4,3
vFG700.png,5,3,4
XMY-038.png,4,4,3
vRX546.png,1,3,1
vFG503.png,4,3,4
vFG549.png,4,3,3
60d2f4fe0275d790-60de8deab87e73ea-46ab964a17ecf7b8ef7a3ee1e1869d56.png,4,3,4
vRX187.png,4,3,4
vHX185.png,3,3,3
vHX53.png,3,2,2
vFG132.png,5,4,3
vFG440.png,4,4,4
vHX727.png,3,3,1
vHX76.png,2,4,4
vFG836.png,2,3,3
vFG595.png,4,3,3
vRX375.png,3,3,3
vFG409.png,5,3,3
vHX373.png,6,3,3
vHX751.png,5,3,4
vRX768.png,1,2,3
vRX32.png,2,4,2
vRX289.png,5,3,3
vFG436.png,2,4,3
vRX155.png,5,4,2
vRX451.png,3,3,2
vRX580.png,4,4,2
vHX752.png,4,3,3
vHX421.png,3,4,3
vHX123.png,2,4,3
af0133cb94d36f4ab6fd45bb08a12d63.png,4,3,4
XYH-176.png,4,4,2
vHX405.png,3,4,3
vHX594.png,3,3,2
vHX91.png,3,3,2
vHX586.png,3,3,2
vFG789.png,4,3,4
vFG662.png,5,4,3
vRX832.png,4,2,1
vHX426.png,4,3,2
vRX667.png,4,3,2
vFG722.png,4,3,5
vRX242.png,4,4,5
vHX736.png,4,3,1
vFG185.png,4,3,4
vRX74.png,3,3,3
vFG289.png,5,3,3
f847b44eb6262c0b07d4c80cd774b616.png,4,3,5
vFG843.png,3,2,3
vFG255.png,6,4,4
vFG428.png,5,3,4
vFG432.png,4,2,3
vRX611.png,2,2,2
f6b9b1ae308d89d6286ca67a63ee7d53.png,3,3,4
vRX743.png,5,3,3
vFG552.png,5,3,4
vFG396.png,5,3,4
vHX419.png,5,3,4
vRX720.png,4,3,3
b611749cd41b1f3f1d453e13192e6eac.png,5,3,5
ac75323d6b6de243-7728d900ea0dce1d-ab6d68c3b56b105ad43d2b62643f5b50.png,4,4,3
vHX563.png,1,2,1
vHX707.png,1,3,2
vRX728.png,2,3,2
vRX589.png,3,4,3
vRX719.png,5,3,4
XMY-136.png,4,3,4
vRX241.png,4,4,5
vHX347.png,4,4,5
vRX656.png,4,2,4
vFG442.png,4,3,4
vFG621.png,4,3,4
vRX429.png,4,2,3
vHX666.png,3,3,2
vRX542.png,3,2,3
vFG805.png,5,2,3
vRX419.png,4,3,3
vHX192.png,3,3,2
vFG261.png,3,3,4
vHX641.png,4,3,2
vRX568.png,5,3,3
vHX558.png,3,2,2
XMY-425.png,5,3,4
vRX426.png,2,2,2
vFG411.png,4,1,2
vHX72.png,3,3,3
cf1b9d16fdfaaf5141126053865494eef11f7a6d.png,5,3,1
vHX725.png,3,3,3
caacbe9d52ffce79cb2d37469975583f.png,4,2,5
vFG276.png,3,2,2
vFG834.png,2,3,3
vRX317.png,4,4,1
vRX311.png,4,2,2
XMY-430.png,3,3,5
vHX254.png,4,4,3
XMY-078.png,4,2,4
vRX785.png,3,3,3
XMY-014.png,6,3,5
vFG277.png,2,4,4
vRX336.png,3,5,5
tyr4y.png,4,3,5
vHX239.png,2,3,2
vHX505.png,4,3,4
vRX649.png,4,4,5
vFG408.png,5,3,3
vFG587.png,4,3,5
vFG569.png,4,3,4
vRX803.png,4,3,2
vHX3.png,3,2,2
vHX765.png,3,3,2
vFG620.png,3,2,1
vHX598.png,5,3,3
vRX480.png,3,3,3
vHX333.png,3,3,2
vFG129.png,4,4,3
vRX436.png,5,3,5
vFG514.png,5,2,5
vFG653.png,4,3,2
vHX541.png,5,3,3
vHX756.png,3,3,1
YH-62.png,4,3,1
vRX293.png,4,2,2
u8yuyu.png,5,3,4
vFG303.png,5,4,4
acffb649e01f6a3c3da153b09e6ecb5e.png,4,2,2
vRX761.png,4,2,4
vRX190.png,4,3,2
vHX523.png,5,3,2
vRX801.png,3,3,3
vFG218.png,3,3,4
vRX355.png,4,4,2
vRX760.png,3,3,1
vRX70.png,3,2,4
vHX208.png,4,1,1
vFG197.png,4,3,3
vHX749.png,2,3,1
vFG43.png,3,3,4
vHX243.png,2,3,3
vHX474.png,3,3,3
vHX206.png,6,2,5
vHX160.png,3,3,2
vHX37.png,4,2,1
vHX572.png,4,3,4
vFG602.png,5,3,3
vRX693.png,4,2,3
vRX741.png,4,3,3
vFG273.png,6,4,4
vFG786.png,4,4,3
vHX693.png,5,3,2
YUEHUI-386.png,3,3,4
vFG221.png,5,2,4
vRX670.png,3,2,3
vHX499.png,5,3,2
vFG63.png,4,3,4
vRX279.png,4,3,1
vRX794.png,3,3,4
vRX191.png,3,3,4
vFG667.png,3,3,3
vRX172.png,3,2,2
vRX328.png,4,5,2
vHX99.png,4,3,2
vFG550.png,2,3,3
vRX273.png,6,2,3
vRX732.png,4,3,3
vFG210.png,5,2,4
vRX684.png,4,2,3
vRX863.png,6,5,3
vFG398.png,6,4,4
vRX655.png,4,3,4
vFG410.png,4,2,4
vHX174.png,4,3,2
vRX378.png,4,2,3
vHX10.png,2,2,3
f538746aee55620df850fcbf736ca4ce.png,3,4,4
8db95cd8a9d4cee2346d8978f6eb287b.png,3,3,2
vRX766.png,5,2,4
vFG649.png,4,3,4
vFG460.png,3,4,4
vHX645.png,4,2,2
vFG604.png,2,3,4
vFG270.png,3,3,3
XMY-064.png,5,2,4
vRX500.png,5,3,3
vFG91.png,5,3,3
vHX380.png,1,3,1
vFG265.png,2,4,3
vRX450.png,4,4,3
vHX574.png,4,2,4
vFG272.png,4,2,1
6fd81f6842562b541f3ee42f9294ab06.png,4,2,3
vRX31.png,4,3,3
vHX246.png,2,4,5
vHX582.png,4,2,2
iikuik.png,3,3,4
vHX551.png,3,2,2
vFG759.png,3,3,5
vRX759.png,3,3,4
vFG371.png,3,4,4
vRX862.png,4,3,2
vFG480.png,6,3,4
vRX145.png,5,4,2
vHX11.png,2,2,2
vFG750.png,5,3,4
XMY-424.png,3,4,5
XMY-027.png,5,3,4
vFG122.png,4,2,5
vFG751.png,3,4,2
vHX397.png,4,3,1
vHX696.png,4,2,3
vHX390.png,4,2,2
vFG696.png,5,3,4
vFG98.png,3,3,3
vHX404.png,3,3,3
vHX537.png,4,2,1
vFG328.png,4,4,1
vRX650.png,4,3,2
vRX356.png,3,3,4
vFG784.png,5,4,4
vRX815.png,4,4,5
vRX575.png,2,3,2
XMY-219.png,3,3,5
vRX216.png,4,3,4
vRX123.png,3,3,2
vFG173.png,6,4,5
ttrerr.png,4,3,4
vFG290.png,4,3,5
XMY-152.png,6,2,3
vFG659.png,4,2,4
b9fb8dba04463aeb170f7e6c88106c95.png,4,3,3
vHX702.png,5,2,3
f7d2c97e864d1153aad1fd8b7d66fc0f.png,5,3,3
vHX493.png,4,2,2
vRX507.png,5,3,2
vRX838.png,2,2,3
vRX791.png,4,2,2
vFG812.png,4,4,6
vRX330.png,4,3,2
vFG505.png,4,3,5
vFG259.png,7,3,4
vFG753.png,4,3,4
vRX797.png,3,2,2
vHX148.png,4,3,2
vHX744.png,5,4,2
vRX320.png,5,4,2
vFG655.png,4,2,2
vRX442.png,2,3,3
vFG321.png,5,3,5
vFG187.png,3,3,3
vRX590.png,5,3,3
vFG744.png,5,3,2
vRX714.png,4,3,2
vFG527.png,3,3,2
vHX747.png,4,3,3
vHX695.png,3,3,1
vFG207.png,4,2,5
vFG252.png,5,2,4
vRX454.png,6,3,2
vFG1.png,5,2,5
vRX444.png,2,3,4
vHX502.png,2,2,2
vHX314.png,4,3,1
vHX25.png,5,2,2
vFG70.png,3,2,2
vHX494.png,3,4,4
vHX236.png,2,3,3
vHX270.png,5,4,4
vFG97.png,4,2,4
vHX38.png,2,3,2
vRX275.png,5,3,5
vRX554.png,2,3,3
vRX69.png,4,4,4
vHX1.png,5,2,3
vHX735.png,3,3,1
vRX736.png,3,3,2
vRX567.png,5,2,2
vRX215.png,3,4,2
vFG8.png,2,2,5
efa58ffcd5bebeb2810fc1adfd76f151.png,3,2,3
vFG525.png,4,3,3
vRX472.png,5,3,3
vHX447.png,4,1,3
vRX428.png,3,3,2
vHX436.png,4,3,2
XMY-050.png,4,3,3
vHX165.png,4,2,4
YH-32.png,5,3,3
vFG383.png,6,3,5
vHX145.png,3,3,4
vHX481.png,4,4,4
vHX672.png,2,4,3
vFG689.png,5,3,3
rtertetet.png,3,2,2
vFG399.png,6,4,3
vHX521.png,5,3,2
vHX616.png,3,3,2
vFG682.png,2,4,2
vRX490.png,5,3,2
XMY-465.png,5,4,4
vFG181.png,4,4,5
vRX263.png,4,5,4
vFG779.png,5,3,6
vRX423.png,3,4,4
vFG646.png,5,3,3
931b6c51b7f539758d1ed62096594f57.png,4,2,4
vRX796.png,1,2,3
vFG614.png,6,4,4
vHX73.png,3,3,5
vFG195.png,4,2,4
a2b006d50e033f268912a845ddf33c15.png,2,3,2
XYH-043.png,2,4,3
vFG379.png,5,3,3
XMY-370.png,5,3,3
vHX545.png,4,4,3
vHX45.png,2,3,3
vRX171.png,3,3,3
vRX269.png,3,3,2
vFG673.png,4,4,2
vRX30.png,3,3,3
vFG329.png,3,3,4
vFG149.png,4,4,3
vRX536.png,5,4,3
vFG551.png,2,2,3
vHX487.png,4,2,2
vHX721.png,4,1,1
vHX730.png,5,4,2
vFG418.png,5,3,4
vFG231.png,3,2,3
vRX362.png,3,4,3
XYH-005.png,3,4,2
vHX323.png,4,3,2
t01f0988463efd03350.png,5,4,5
vRX316.png,2,3,3
vHX306.png,6,3,3
vHX39.png,3,3,2
vFG400.png,4,3,4
vHX178.png,4,3,1
vRX404.png,4,3,4
XMY-086.png,3,3,4
vRX605.png,2,4,4
vFG533.png,2,3,1
vFG813.png,5,3,3
vRX342.png,3,4,2
vRX401.png,2,3,2
vRX774.png,4,3,4
a8a6e5d6a6f163d153af04fc3e1dfc60.png,3,2,3
vRX220.png,3,3,1
vRX126.png,3,3,2
vRX639.png,4,4,3
vRX645.png,5,2,3
vHX371.png,5,3,3
vHX452.png,2,3,3
vFG493.png,4,3,2
vFG246.png,5,3,3
238c880b0ac3584fd9111c98938a68f5.png,4,3,3
vFG237.png,5,4,5
XMY-140.png,5,3,6
vFG559.png,5,3,3
vRX206.png,4,3,4
vFG367.png,4,3,3
vHX7.png,4,3,4
vFG455.png,4,4,5
vFG601.png,4,4,4
XYUH-042.png,3,3,4
vHX187.png,4,3,4
vHX260.png,3,4,4
vFG17.png,3,3,4
vFG755.png,5,3,4
vRX705.png,5,3,4
vRX792.png,3,3,2
XMY-002.png,6,4,5
vFG363.png,5,4,4
vFG761.png,2,2,4
vFG306.png,4,3,4
vFG481.png,3,3,3
vRX387.png,3,3,2
vRX304.png,4,3,4
vFG765.png,4,3,5
vHX146.png,3,4,4
vRX559.png,3,3,2
vFG537.png,6,3,3
vHX506.png,5,2,2
vFG28.png,4,3,1
vRX623.png,3,4,2
vHX60.png,3,4,1
vHX579.png,3,4,3
vHX54.png,3,3,2
vFG627.png,5,4,4
vFG240.png,4,2,3
vRX227.png,2,4,3
XYH-073.png,5,3,4
vHX313.png,3,2,4
XMY-221.png,4,4,4
vHX501.png,5,3,2
vFG547.png,4,4,5
vFG226.png,3,4,3
vFG193.png,4,1,2
vFG333.png,3,4,5
XYUH-046.png,3,3,3
XYUH-168.png,2,3,3
ac75323d6b6de243-cac4955356021c85-37a4b07aba804a4560d72b40201223b8.png,4,3,2
b1da9bda9481c183bf8709e8b3c211f7.png,5,4,4
vFG760.png,6,4,2
vRX461.png,4,4,4
ntk2164.png,4,4,4
vRX839.png,3,3,5
vHX133.png,2,2,3
vRX622.png,3,2,1
vFG633.png,2,2,1
vRX694.png,3,3,2
vRX508.png,5,3,4
vFG762.png,3,3,5
522a70de6befeb69d197ce74256fc71d.png,4,4,2
vHX454.png,3,4,2
vFG610.png,4,3,3
XYUH-074.png,5,4,5
vFG637.png,5,3,3
vFG690.png,4,3,4
vHX65.png,4,3,2
vFG684.png,5,4,4
vFG274.png,5,3,4
vRX734.png,5,4,3
vRX762.png,4,3,1
vHX553.png,3,2,2
vFG162.png,5,3,2
vFG707.png,5,2,3
vHX353.png,3,3,3
vRX382.png,6,5,4
vFG118.png,3,4,4
vHX692.png,4,4,4
vFG393.png,3,2,4
vRX43.png,3,3,3
vRX4.png,6,4,5
vRX569.png,6,3,4
XYH-032.png,5,3,4
vFG466.png,2,4,5
vFG170.png,3,3,4
XMY-408.png,3,3,4
XMY-400.png,4,3,3
vHX199.png,3,3,4
XYH-004.png,4,1,4
vFG139.png,5,2,4
vFG548.png,4,3,4
vHX646.png,2,3,4
vRX142.png,3,3,4
vRX553.png,2,2,1
vFG532.png,5,4,5
vRX550.png,3,3,2
vFG444.png,4,2,4
ac75323d6b6de243-7728d900ea0dce1d-e801f8a3ef5d0944015418d2e68dcb80.png,3,4,2
vFG356.png,3,4,5
b7f5ae71f9cdfe281a05c409a146de80.png,5,3,4
vRX652.png,5,2,3
vHX204.png,4,4,1
vHX737.png,5,3,3
vRX228.png,2,4,2
vFG296.png,4,3,3
vHX97.png,2,2,1
vFG504.png,3,3,3
vHX734.png,4,5,5
vHX326.png,5,3,2
vHX388.png,3,2,3
vHX491.png,4,3,2
vFG631.png,3,4,6
vFG538.png,3,4,2
XYUH-119.png,3,2,5
vFG748.png,5,3,5
vRX73.png,3,3,2
XMY-077.png,5,2,5
vHX115.png,3,3,2
vRX397.png,3,3,1
XMY-025.png,4,3,3
vRX427.png,4,3,3
vRX329.png,4,3,4
vHX167.png,4,3,5
vFG391.png,5,4,5
vHX258.png,5,2,3
vFG712.png,4,3,2
vHX689.png,5,3,4
vRX660.png,3,4,1
XMY-053.png,5,6,5
862fe4555e054d32bea60106c0e448f8.png,6,4,6
abe1eea3ca79fc28-c577ebdcb0f3dbcc-c0cba939eda71755a4c6c808b610968e.png,3,3,4
vFG721.png,2,3,3
vHX147.png,4,3,5
5882b2b7d0a20cf4fbd757f37d094b36acaf9953.png,4,3,4
fc473edad1b4a1dc8f66825b0b59b398.png,4,2,3
vFG203.png,3,3,3
XYH-171.png,5,3,3
vFG545.png,5,4,5
XMY-120.png,4,4,4
vHX500.png,2,3,2
vRX359.png,2,2,3
a75c5f26161c37ad0164d08c93f6449f.png,3,3,2
vHX94.png,5,3,3
vRX723.png,6,2,4
vHX518.png,5,3,1
vFG130.png,3,2,2
vHX520.png,2,3,3
vRX689.png,4,3,3
vRX538.png,4,3,3
vRX179.png,5,3,5
vFG334.png,5,4,4
vRX506.png,2,4,3
vHX309.png,2,3,4
vHX748.png,4,4,2
XMY-245.png,4,3,2
vHX277.png,3,2,4
vHX451.png,3,5,4
vHX84.png,3,2,2
vFG605.png,4,3,3
vRX398.png,5,4,3
vHX651.png,3,4,1
vHX512.png,2,4,2
XMY-009.png,4,4,6
vHX356.png,4,3,2
vRX164.png,2,4,5
vFG422.png,3,3,3
vFG518.png,4,4,5
vRX257.png,4,3,5
XYH-013.png,3,3,3
vRX238.png,6,4,6
vFG280.png,5,3,5
vHX446.png,3,3,2
vFG730.png,5,4,4
4529a3a52bc24f5d-1c9d5a73fa766f08-d3266f13a93eca6eec1a957430f24027.png,5,3,3
XYH-045.png,5,3,2
vHX495.png,5,3,2
vHX556.png,5,2,4
vFG490.png,4,3,4
vFG809.png,4,4,3
vFG695.png,6,4,4
vHX9.png,4,4,3
vHX172.png,5,5,5
vRX809.png,3,4,3
vRX735.png,5,3,2
vRX224.png,4,3,5
ac75323d6b6de243-c361eb70e2169653-407ef8cdb211ef09d22f5d265cb760be.png,3,3,2
XMY-060.png,4,3,3
7a6efe107c6d7cdc5dd77d2af63b5bcb.png,3,3,4
vFG519.png,2,2,3
vFG142.png,4,4,3
vFG679.png,5,4,4
vFG680.png,3,2,4
XYUH-135.png,3,4,5
vRX231.png,4,4,4
vRX637.png,3,3,4
vRX232.png,5,3,4
vHX336.png,3,4,3
vRX371.png,4,4,3
vFG107.png,5,4,2
vFG80.png,5,3,4
XYUH-124.png,3,2,3
vFG57.png,5,2,5
vRX118.png,4,5,3
vFG671.png,3,3,1
vFG539.png,2,3,4
241583964d1caf9bd072a7a65a1b8cee.png,4,3,3
vRX502.png,2,3,1
vHX345.png,4,4,2
vFG638.png,4,4,4
vHX197.png,3,3,1
licEnH3rBjSA.png,4,3,2
vRX326.png,6,3,2
vRX115.png,4,3,2
vRX177.png,2,3,2
vFG502.png,4,2,4
vHX266.png,3,4,1
vRX310.png,5,3,2
vFG726.png,4,2,3
XYH-120.png,2,3,4
vRX389.png,4,3,4
vFG147.png,5,4,3
vFG301.png,5,4,5
t01a0a6b5ac2332e8bb.png,5,3,2
vHX272.png,5,5,3
vFG126.png,5,3,4
vFG562.png,5,2,4
vHX194.png,4,4,4
vFG500.png,4,1,4
vHX278.png,2,3,3
vFG499.png,4,3,3
XYUH-017.png,5,4,4
vHX363.png,4,3,3
vFG348.png,2,5,4
vHX431.png,3,3,4
vHX540.png,4,2,2
vRX535.png,5,4,4
vHX608.png,5,2,2
vHX217.png,3,3,1
vFG346.png,4,3,2
vFG293.png,5,3,3
vFG421.png,4,4,4
vRX194.png,2,4,3
vRX357.png,2,4,3
vRX274.png,3,3,4
vHX733.png,5,4,3
vRX54.png,6,3,4
vRX282.png,5,3,3
vHX221.png,3,3,3
vRX854.png,4,3,3
vRX458.png,5,3,2
vFG606.png,3,3,4
vRX243.png,6,4,2
vRX280.png,5,3,3
vRX722.png,2,4,2
vFG324.png,4,2,2
vRX740.png,4,3,2
vHX338.png,5,3,2
vRX513.png,4,3,2
XYUH-040.png,2,3,4
ac34b02a2289233ceb6d2e421f6dbe62.png,3,3,4
a274bd4402b2905b2e677b35136cb681.png,4,3,2
vFG716.png,5,4,2
vHX369.png,4,3,1
vFG692.png,4,4,5
vFG461.png,5,3,5
b2b25e73d1ac2d20931e2cb2a7d53b4a.png,4,2,4
vHX168.png,2,3,1
vRX668.png,5,4,2
vRX29.png,1,3,2
XYH-095.png,5,4,5
YUEHUI-154.png,4,4,6
vRX182.png,2,4,3
vFG120.png,2,3,4
vRX278.png,3,3,2
6080d5c0247fefa245b6ad71b9feb5de.png,6,3,4
b812c8fcc3cec3fd1f514f4cdd88d43f87942798.png,4,4,4
vRX828.png,5,4,4
vHX516.png,4,2,4
vFG470.png,4,3,4
vRX237.png,6,4,4
vHX422.png,6,2,2
vRX350.png,1,3,2
vRX198.png,4,3,5
vRX476.png,3,3,2
vFG661.png,5,4,5
XYUH-024.png,2,3,2
vFG672.png,3,3,3
vRX551.png,2,3,2
vFG423.png,6,3,2
vHX620.png,3,4,3
vRX386.png,3,3,2
vRX829.png,2,2,2
vFG90.png,4,2,5
vFG85.png,4,3,4
vFG249.png,3,3,4
vRX473.png,3,3,4
8fb420459611cbe7e1e87f04abaa505f.png,4,3,3
d5afeaac63dde5ef53ea578bec843ff8.png,4,4,5
vHX342.png,3,2,3
vFG715.png,3,3,2
ac75323d6b6de243-cac4955356021c85-e76ed4e5372d80af9447cdbd314eafb2.png,3,3,3
vRX821.png,3,3,4
vFG169.png,2,3,4
vHX269.png,5,2,5
74a81ed20e457944b5273367cc969299.png,4,4,4
vHX762.png,3,3,2
vRX143.png,3,3,2
XMY-066.png,4,3,4
vHX238.png,4,3,2
vFG603.png,4,3,2
52b0ae5d02287e539f51ffe262821d7b.png,3,3,2
vHX227.png,3,3,2
vFG416.png,2,3,3
vRX751.png,4,2,3
vFG560.png,3,2,4
vRX60.png,3,3,5
vRX593.png,2,2,1
vFG387.png,3,3,1
vFG588.png,4,5,5
vRX830.png,4,4,5
vHX705.png,3,3,4
vHX668.png,3,3,2
vHX599.png,5,3,3
vRX518.png,2,2,1
vFG634.png,4,3,4
vFG447.png,3,3,3
vHX560.png,5,3,2
vHX273.png,3,4,1
vHX74.png,4,3,3
vFG172.png,4,3,3
vFG384.png,3,4,4
vFG200.png,4,3,4
6916698dd211dbc3b4b1527aa84f222b.png,4,3,3
vRX345.png,3,3,3
vFG66.png,4,2,2
8a03c40114bbd2a6acf3b1d6d099329e.png,4,3,4
92e954ddfd29aff0ad88fbe080fd3776.png,3,3,4
XYH-118.png,3,3,2
XYH-048.png,5,3,4
vHX630.png,5,4,4
vRX65.png,3,3,2
vHX86.png,3,2,2
vRX61.png,3,3,2
vRX300.png,4,4,1
XMY-261.png,4,3,5
XMY-054.png,4,3,5
XYH-026.png,4,3,2
vFG314.png,3,3,3
vRX767.png,3,4,5
vRX579.png,4,3,1
vHX103.png,3,1,1
vHX117.png,5,4,3
vHX249.png,4,3,3
vHX647.png,4,4,3
vHX750.png,3,2,3
vHX529.png,5,3,1
vRX26.png,4,3,4
vFG541.png,3,3,2
vRX626.png,4,4,4
vHX757.png,3,3,1
258eba7bc9387845d4a5210a2a749e68.png,4,3,5
vHX20.png,4,3,2
vFG835.png,4,3,2
vRX625.png,3,3,2
vRX725.png,6,4,5
vFG437.png,3,3,4
vHX670.png,4,3,2
vHX152.png,5,2,3
YUEHUI-207.png,3,4,1
vHX184.png,5,3,5
vHX131.png,5,4,3
vFG112.png,5,4,3
vFG772.png,4,3,5
vRX648.png,2,2,2
vFG429.png,4,3,3
d92c6f00e75460c3a4c99a456de6ba79.png,3,2,4
vHX62.png,5,4,5
vFG465.png,4,2,1
XMY-320.png,3,3,3
vFG345.png,5,4,4
vFG743.png,4,3,4
XYH-049.png,5,3,4
vRX380.png,6,4,3
vRX255.png,4,3,4
vRX724.png,4,4,3
vHX118.png,5,3,4
vHX354.png,4,3,2
vFG160.png,3,3,4
vHX67.png,2,2,3
vRX157.png,4,2,3
vHX367.png,4,4,2
vFG556.png,5,4,3
XMY-012.png,5,3,5
4298ad4c38d17597-5c06c575c1723922-e8ae039f36c74c4286242f9dab93abb1.png,5,3,4
vHX19.png,3,2,3
vHX577.png,5,4,2
vFG168.png,4,3,3
vRX857.png,3,3,2
vHX70.png,2,2,2
vHX691.png,3,3,2
vHX113.png,4,2,2
XMY-150.png,4,4,4
vHX764.png,5,3,3
vFG558.png,4,3,4
vRX158.png,4,4,4
vHX772.png,5,3,1
vHX680.png,3,2,1
vRX343.png,3,2,3
vFG841.png,7,3,2
vFG247.png,5,3,3
vRX864.png,4,3,1
vFG74.png,3,5,2
vRX628.png,3,2,1
vFG449.png,3,3,3
vFG73.png,3,4,4
vFG543.png,6,4,5
f4213d8736468fd3b0e7b3e7b99d9bef.png,3,2,3
vHX13.png,6,3,2
vHX104.png,3,2,4
vFG4.png,5,4,5
vFG198.png,3,3,4
vHX417.png,6,4,2
vRX449.png,4,1,2
vRX307.png,3,2,1
vFG443.png,4,2,4
c76b8e6f627127cb9c0688de024c480f.png,3,3,3
vHX275.png,2,3,3
vRX48.png,5,2,1
vFG420.png,3,3,4
vRX456.png,5,3,3
vHX584.png,3,3,2
vHX414.png,3,3,2
vFG258.png,3,4,4
vRX176.png,2,3,2
vRX276.png,3,3,3
vHX769.png,3,3,3
vRX634.png,4,3,1
vFG622.png,3,4,4
vRX657.png,4,3,1
vRX496.png,4,3,1
vFG515.png,4,3,3
vRX150.png,4,2,3
XYH-157.png,5,3,5
vHX288.png,2,2,2
vHX311.png,4,4,4
vHX477.png,7,3,2
vFG596.png,3,3,3
vHX581.png,6,3,3
vRX781.png,3,4,2
ddacca8bf89e0abecd77e22f17cd154d.png,2,4,3
vFG776.png,5,2,5
vRX804.png,2,3,2
vFG161.png,3,3,4
vHX301.png,4,2,2
vFG792.png,2,2,3
vRX226.png,5,2,4
vRX36.png,5,4,1
vHX193.png,3,3,3
vFG535.png,4,2,3
vFG308.png,4,3,3
vRX463.png,2,1,3
6db04069ad1af6ec976e31b7e9e6cb0a.png,5,3,5
vRX322.png,4,4,4
vFG572.png,4,3,3
vHX330.png,3,3,2
vFG323.png,3,3,2
XYH-109.png,5,4,5
vFG570.png,4,3,4
vHX169.png,1,3,3
vHX357.png,5,3,2
ryryry.png,3,3,4
vFG15.png,5,3,4
vHX755.png,2,3,4
vHX760.png,3,3,1
vRX105.png,5,3,3
XMY-365.png,4,2,3
vFG438.png,5,4,5
XMY-032.png,4,4,5
fd4f8721154ec707edd399272e67b9ba.png,3,4,4
vRX612.png,3,3,3
vRX909.png,5,3,6
vRX27.png,5,3,3
vHX739.png,3,2,4
vRX253.png,5,3,3
vFG60.png,4,2,2
vHX634.png,4,3,3
vHX542.png,5,3,4
vHX346.png,3,3,1
vFG575.png,5,4,5
vHX376.png,3,1,3
XMY-124.png,3,4,4
vFG268.png,4,3,4
vRX354.png,3,4,5
vFG651.png,6,4,4
XYH-031.png,2,2,4
vFG326.png,4,4,3
vFG313.png,5,3,4
vFG113.png,5,3,4
vHX276.png,3,4,5
vRX789.png,4,3,2
vFG33.png,6,4,5
vFG37.png,5,4,6
vRX526.png,5,4,4
retertet.png,6,4,5
vFG739.png,4,4,4
vRX132.png,3,4,4
XYH-160.png,4,3,5
vHX267.png,4,3,4
vHX359.png,1,3,4
vRX523.png,4,3,2
vRX606.png,5,4,4
vRX532.png,5,3,3
vRX62.png,4,3,3
t01dedf35936ba667f3.png,4,3,3
vRX299.png,5,3,2
vRX168.png,2,3,2
vRX368.png,8,4,6
vRX104.png,3,4,4
vHX746.png,5,3,3
vRX260.png,3,3,2
vHX528.png,4,4,4
vHX163.png,5,3,3
vFG106.png,4,4,4
vHX316.png,3,4,2
vRX787.png,3,4,4
vRX479.png,4,3,2
YUEHUI-45.png,4,3,2
XYH-132.png,4,3,4
vFG701.png,3,2,2
vHX697.png,5,3,2
vRX771.png,3,2,3
vFG358.png,3,3,5
vFG414.png,3,3,2
32-41039.png,3,3,4
vRX783.png,3,2,2
vHX372.png,5,4,2
vFG817.png,4,3,5
XMY-020.png,5,4,5
vRX186.png,5,3,2
vFG529.png,3,3,4
vFG50.png,5,3,3
vFG55.png,4,4,4
vHX351.png,5,3,2
9b88951909bde896d18d71c42c2beca1.png,6,5,6
vRX512.png,2,3,3
vRX487.png,3,3,4
vRX712.png,2,3,2
vRX144.png,3,4,2
vHX337.png,2,3,3
vFG359.png,4,4,3
vFG7.png,4,3,4
vHX507.png,4,3,3
vFG807.png,3,3,3
vRX810.png,4,3,3
vHX658.png,3,3,2
vRX131.png,4,4,3
vRX786.png,4,3,2
vHX716.png,5,2,3
vRX819.png,3,3,3
vFG727.png,4,3,3
04e2c48ab002327fc412786a51a36620.png,5,3,3
vFG154.png,4,4,5
vFG666.png,5,2,4
vHX285.png,2,1,2
vHX153.png,3,4,1
vFG232.png,3,2,3
vFG254.png,4,3,3
XMY-062.png,4,2,3
vRX642.png,3,4,4
vFG582.png,4,3,4
vRX341.png,4,3,1
vRX717.png,4,3,4
vHX610.png,5,2,5
vFG665.png,4,3,3
vFG245.png,5,4,3
vHX283.png,4,4,3
1c950a7b02087bf4743ff8d4f9d3572c11dfcf38.png,4,4,4
vHX136.png,2,2,2
vHX665.png,3,2,4
vRX41.png,4,4,4
vHX768.png,4,3,3
XYH-122.png,4,3,3
vRX370.png,2,3,2
vRX574.png,3,5,3
vHX455.png,2,2,3
vRX485.png,3,3,3
vFG568.png,5,3,3
vRX63.png,3,2,5
vFG62.png,7,5,5
vRX581.png,2,3,1
vHX469.png,5,2,1
vRX347.png,4,3,3
vHX479.png,3,3,5
0556ab6f8b7c37609ab3ffd46678c125.png,7,3,5
vHX234.png,4,3,2
vFG704.png,6,3,3
vFG652.png,4,2,4
vRX896.png,5,4,6
vHX686.png,6,2,1
vHX398.png,3,2,3
vFG424.png,4,3,5
vFG64.png,6,3,3
vFG224.png,3,4,5
vHX439.png,5,2,2
vRX673.png,4,3,3
09001ec3246fb41a4c4aebf0069ed883.png,5,4,6
vRX433.png,3,3,2
80dca509fc9e8cc08e1b9b83a1163a5f.png,5,3,3
vHX205.png,3,3,2
vFG479.png,4,3,4
vRX221.png,3,3,3
vRX541.png,3,3,5
vRX730.png,5,3,3
vHX325.png,2,3,3
XYUH-080.png,4,3,3
vHX14.png,4,3,2
vRX147.png,3,3,3
vFG462.png,4,3,3
vFG146.png,3,3,2
vFG806.png,6,3,4
vFG201.png,5,4,5
vFG839.png,5,3,3
vRX100.png,2,4,4
YH-118.png,3,3,4
vFG302.png,3,4,4
vFG30.png,4,3,4
vHX71.png,1,2,3
vHX703.png,4,3,2
vRX40.png,4,3,4
vHX406.png,3,3,1
vRX457.png,3,3,1
vHX251.png,4,3,2
vRX758.png,5,4,3
vRX633.png,4,4,3
vRX711.png,5,2,3
vFG404.png,4,3,4
20131230115730269.png,6,4,4
vFG456.png,3,2,4
vRX814.png,4,3,3
vRX853.png,3,3,3
039.png,4,2,1
XYH-088.png,4,4,5
vRX225.png,4,2,2
vRX592.png,3,3,2
vRX805.png,5,2,1
vRX733.png,2,2,2
vHX533.png,4,4,2
vRX445.png,4,4,3
vHX448.png,5,3,3
vHX498.png,4,1,2
vHX423.png,4,2,1
vRX654.png,7,4,3
vHX257.png,4,3,4
vHX401.png,3,3,1
vRX181.png,5,3,3
vRX440.png,2,4,4
vRX739.png,3,3,2
vFG65.png,1,3,3
vHX535.png,3,3,4
vHX317.png,4,3,3
vRX353.png,5,3,4
vFG650.png,4,3,1
vHX514.png,5,3,2
vFG511.png,4,3,3
vFG773.png,6,3,5
vRX477.png,3,3,2
vRX23.png,3,3,3
vRX664.png,6,4,4
vHX543.png,4,3,4
vHX609.png,3,2,1
vFG99.png,2,4,1
vHX141.png,5,2,3
XMY-426.png,2,2,5
vHX87.png,4,3,4
vFG564.png,4,4,5
vRX42.png,5,4,4
vRX713.png,4,2,2
vRX272.png,3,3,4
vRX686.png,2,3,2
vHX394.png,4,3,3
vRX715.png,3,3,4
XYUH-022.png,5,3,5
vHX511.png,4,2,3
vFG510.png,3,3,4
vFG362.png,1,2,3
vFG804.png,5,3,4
vHX255.png,3,3,3
vFG336.png,5,3,3
vRX80.png,4,2,3
vRX738.png,4,2,4
vFG642.png,4,2,4
vFG153.png,4,3,4
52011b5f5ee50f1c33a61e51e3db889a.png,5,4,6
vHX102.png,3,5,2
vHX23.png,3,3,3
XYH-055.png,3,2,4
vRX407.png,5,4,3
vRX586.png,5,3,2
vFG486.png,4,2,4
vHX34.png,3,3,2
XYH-074.png,4,3,4
vFG127.png,5,3,2
5ec68d240fda3551dad30edfeb339bf5.png,4,3,4
vFG67.png,4,3,4
vFG335.png,5,4,4
XMY-058.png,4,3,5
vRX584.png,2,3,4
vRX471.png,2,3,3
vRX178.png,5,4,3
vHX68.png,4,3,2
vRX769.png,4,4,3
3a178e2dceaec352a4bda7ab686f970e.png,4,1,1
vHX361.png,4,2,2
vRX549.png,3,3,2
vRX148.png,3,4,3
vRX465.png,4,4,3
vHX92.png,4,3,3
vFG783.png,5,3,5
vFG691.png,3,2,2
vRX453.png,4,3,4
b7fd5266d01609248414333cdf0735fae6cd34e7.png,6,4,6
vHX116.png,4,2,2
vHX468.png,4,3,2
vFG640.png,6,3,4
XYH-158.png,3,2,4
vHX561.png,5,3,4
vRX174.png,4,4,5
XYH-125.png,3,2,4
vRX682.png,4,3,4
XMY-074.png,5,3,4
vHX228.png,1,2,1
vRX425.png,4,3,3
vHX483.png,4,4,2
vRX676.png,4,3,2
vHX58.png,2,4,2
XMY-449.png,4,3,4
vRX599.png,3,3,3
vRX462.png,3,3,4
e0d4a18c0f97ea3d56ca8ceb5f5e2e06.png,5,4,5
f2210cbdfb9f3ea9c1ab42dcc2e3cb97.png,3,4,4
vFG266.png,2,4,4
vFG413.png,4,3,5
vFG175.png,6,2,5
vHX315.png,3,3,4
vHX485.png,3,3,2
vHX274.png,4,3,2
vFG104.png,5,3,5
vFG394.png,2,2,4
vFG616.png,7,5,5
vFG764.png,5,3,4
vRX687.png,3,3,4
vFG320.png,5,3,3
vFG35.png,5,3,3
vFG340.png,5,3,3
vRX365.png,2,4,3
vFG184.png,5,3,2
vFG310.png,4,3,2
vHX142.png,4,3,4
bbcd4963891c283c2f7cfd2f85d90f41.png,7,3,5
5cac63f186553ff9e64f38a615f6a045.png,4,2,2
vHX656.png,3,3,2
vRX388.png,3,4,3
vFG723.png,4,2,3
vRX128.png,4,2,2
XYH-117.png,6,3,3
vRX270.png,5,2,2
vRX511.png,5,2,1
vFG464.png,3,4,3
vRX618.png,5,3,3
YUEHUI-114.png,5,3,3
vHX731.png,3,3,2
vFG239.png,3,2,4
vFG360.png,4,3,3
vRX183.png,6,4,5
vHX215.png,3,3,3
XYH-163.png,4,3,4
vFG607.png,3,3,4
vRX443.png,4,2,3
vRX610.png,3,3,2
vRX116.png,4,4,3
vHX100.png,2,2,1
vHX232.png,2,1,4
vFG342.png,5,3,3
vHX753.png,4,2,1
vHX403.png,4,3,2
XMY-235.png,4,2,4
vHX384.png,1,4,4
vFG534.png,2,2,3
vRX831.png,4,4,3
XYUH-039.png,6,3,4
vRX530.png,3,3,3
vRX595.png,3,3,2
vHX624.png,3,4,4
vRX262.png,4,3,3
vHX478.png,2,3,3
vRX708.png,3,3,4
vHX312.png,4,3,1
vHX456.png,4,2,4
vRX509.png,2,1,2
vFG264.png,4,3,2
XYUH-062.png,2,3,4
vHX250.png,3,4,2
vFG608.png,2,2,3
vHX632.png,6,3,5
vRX910.png,4,4,5
vFG426.png,4,3,4
vFG593.png,5,2,4
vRX560.png,4,2,1
vRX519.png,3,4,2
vRX577.png,4,4,4
XYH-130.png,4,3,5
vHX212.png,2,3,3
vFG214.png,5,4,4
vRX82.png,3,2,1
vRX364.png,3,2,3
vFG654.png,4,3,4
vFG191.png,6,3,4
vFG39.png,5,2,3
XMY-044.png,4,3,3
vFG368.png,4,4,2
vFG407.png,5,3,5
XYH-139.png,4,2,4
vRX16.png,4,3,1
vRX576.png,3,3,3
vFG678.png,4,4,2
vRX557.png,5,4,4
vHX158.png,5,3,4
XMY-121.png,5,4,4
XYUH-208.png,4,3,4
vRX478.png,4,4,2
vFG476.png,1,1,2
vRX562.png,3,4,5
vHX465.png,5,3,4
vHX669.png,2,3,2
6rtyryr.png,3,3,3
vHX591.png,4,3,3
vRX214.png,4,3,5
vHX536.png,3,4,2
XMY-451.png,5,3,5
vRX420.png,4,4,3
vRX114.png,5,4,4
vRX808.png,4,4,5
vRX638.png,4,3,3
vRX121.png,4,5,4
XMY-185.png,5,4,5
vRX548.png,2,4,4
vHX156.png,3,3,2
c848f905077d16f15ddac5208498e1c0.png,5,2,5
vRX703.png,3,3,2
vFG566.png,4,4,4
vHX459.png,4,3,3
vRX56.png,5,3,4
vRX340.png,4,3,4
vRX447.png,1,3,1
XMY-338.png,4,2,5
vRX246.png,5,3,4
vRX346.png,4,3,2
vRX245.png,2,3,2
vHX289.png,5,3,2
XMY-043.png,5,4,5
696e3e2972a1c721ebacffea9aa2ccf3.png,5,3,4
vHX484.png,5,3,5
vHX754.png,5,4,3
0f86560090f166c56a61f57e39322f35.png,5,3,5
vHX457.png,2,3,2
vHX573.png,4,3,2
vFG256.png,4,3,3
vFG698.png,4,4,4
vHX442.png,4,4,3
vFG297.png,5,3,4
XMY-071.png,4,3,3
vRX58.png,3,3,3
vFG88.png,4,4,3
vHX508.png,4,3,3
vFG236.png,4,2,4
vRX101.png,2,3,2
vFG594.png,4,2,4
7c32a5b7f820823e0c71fa3233beb6f3.png,3,2,4
vFG294.png,5,3,3
vFG714.png,5,3,5
vFG355.png,4,3,4
vFG109.png,4,3,4
vRX706.png,5,4,4
vHX482.png,3,4,4
vRX265.png,4,2,4
vRX133.png,4,3,3
vHX186.png,2,3,4
vRX377.png,5,3,2
vRX309.png,3,3,2
vRX486.png,5,3,4
vFG454.png,4,3,3
vHX377.png,4,3,4
vHX110.png,3,4,2
vFG724.png,3,2,4
vHX679.png,4,3,3
vFG322.png,4,2,3
vRX764.png,4,4,3
vRX438.png,4,3,2
vFG202.png,3,3,4
vRX545.png,4,3,4
vHX213.png,2,4,5
vFG59.png,3,3,4
vFG111.png,6,3,4
vHX365.png,2,1,1
vHX531.png,3,3,3
vHX12.png,5,3,3
vHX47.png,4,3,1
XMY-258.png,5,4,5
vHX247.png,2,2,1
vRX782.png,3,3,3
vRX527.png,4,4,5
vRX598.png,2,3,1
YH-53.png,4,4,1
vFG374.png,5,4,5
vRX696.png,2,3,4
vFG492.png,5,3,5
vHX440.png,4,2,4
vRX315.png,4,3,3
vRX619.png,4,3,2
vHX706.png,5,3,1
vRX607.png,2,3,2
vFG697.png,3,2,3
vHX287.png,3,3,5
vRX139.png,3,5,5
vFG540.png,5,3,4
vRX165.png,4,4,2
XMY-172.png,4,4,6
vFG18.png,5,3,4
vHX90.png,3,3,2
XMY-266.png,4,3,4
vFG401.png,4,3,2
vRX757.png,4,3,3
vFG685.png,4,3,4
vFG229.png,3,2,4
vFG731.png,2,3,3
vFG357.png,5,3,4
vRX842.png,3,4,3
vRX709.png,2,2,1
vFG708.png,3,3,4
XYUH-005.png,5,3,2
1ca3a0a3de6bc50f6af176e4c02e8c38.png,5,3,4
vHX460.png,5,3,2
aa9c685f0bea2c653f31cc07512e9414.png,4,3,2
YUEHUI-492.png,4,4,2
vFG269.png,7,3,3
vFG341.png,5,2,5
vFG364.png,4,3,4
vHX728.png,3,3,1
XMY-036.png,5,3,4
vHX180.png,2,2,2
vFG431.png,3,3,3
vHX676.png,2,2,3
vFG145.png,4,3,3
vHX101.png,3,3,2
vHX200.png,4,3,2
vRX13.png,2,3,1
XMY-223.png,3,4,4
vRX520.png,3,3,3
vFG305.png,5,3,5
vHX248.png,5,4,2
XMY-345.png,5,2,4
vFG766.png,5,3,6
vFG152.png,2,3,3
vHX396.png,3,3,2
vFG211.png,4,3,5
vRX594.png,6,4,3
vRX644.png,4,3,3
XMY-305.png,4,3,4
vHX328.png,3,2,1
vFG361.png,4,3,4
vFG317.png,4,3,4
vRX843.png,3,3,3
vFG83.png,5,2,4
vRX750.png,7,4,4
vRX366.png,4,3,3
vHX225.png,3,2,3
vFG774.png,4,3,3
vHX245.png,4,3,4
vFG23.png,5,2,5
vRX841.png,3,3,2
XYUH-070.png,3,4,4
vHX290.png,5,3,1
vHX683.png,5,3,3
vFG459.png,5,4,4
vHX472.png,4,3,3
vHX590.png,4,2,4
vHX57.png,4,3,2
vFG228.png,4,4,5
vRX134.png,2,3,3
vHX546.png,3,3,2
vFG629.png,5,3,3
vHX85.png,5,3,3
vHX538.png,3,2,3
vHX109.png,2,3,4
vRX360.png,4,4,1
vFG703.png,5,3,5
ac75323d6b6de243-cac4955356021c85-076d6c13b9220f9f5e690df7733d52da.png,4,3,3
vFG5.png,4,3,3
vRX400.png,3,4,4
vHX719.png,5,2,4
vRX45.png,4,3,4
XMY-283.png,4,2,4
YH-75.png,3,4,4
vHX364.png,3,3,2
vHX674.png,4,3,4
XMY-138.png,5,4,5
vRX596.png,2,3,2
vFG800.png,4,3,3
vFG241.png,2,3,5
vRX690.png,4,4,2
vHX718.png,3,3,2
vHX566.png,2,3,2
vHX567.png,2,2,1
vHX578.png,4,4,2
vHX139.png,3,2,3
vHX570.png,6,5,4
XMY-364.png,3,3,3
vHX130.png,2,3,1
vHX720.png,5,3,4
vRX466.png,2,3,2
vFG178.png,3,3,6
vRX510.png,3,3,2
vFG204.png,3,1,5
vRX141.png,3,4,4
vHX15.png,2,3,2
vRX234.png,3,3,3
vRX779.png,3,4,4
vRX83.png,3,3,1
vRX195.png,3,4,3
vFG583.png,4,4,4
vHX700.png,2,4,5
vRX870.png,3,4,2
vRX160.png,5,3,3
vFG339.png,2,2,3
vRX653.png,4,3,3
XMY-464.png,3,3,5
vHX80.png,1,3,1
vHX441.png,3,3,1
vHX519.png,2,2,2
XMY-230.png,4,3,5
vHX615.png,3,2,3
vFG381.png,3,3,3
vRX474.png,3,4,4
vHX261.png,3,3,3
vHX244.png,3,3,2
vHX522.png,4,3,2
67f090408ffbc63bae5af35d9df1d1e0.png,3,3,4
vFG816.png,4,2,3
vFG808.png,6,4,3
vFG788.png,5,4,5
vRX646.png,3,3,2
vRX163.png,3,3,3
vHX660.png,4,4,3
vHX642.png,5,2,1
vRX525.png,6,4,4
vFG522.png,4,4,4
vFG675.png,4,4,4
vHX438.png,2,3,2
XMY-373.png,2,2,1
vFG725.png,4,3,4
vHX36.png,4,2,2
XMY-199.png,3,3,5
vFG196.png,5,5,5
vRX120.png,2,3,1
vHX430.png,3,3,3
XYH-153.png,4,4,5
vRX811.png,3,4,3
vFG292.png,3,3,2
vRX470.png,4,3,4
vFG536.png,5,3,4
vHX637.png,4,4,2
0efbf1559e3deb7ee5f9003ea14b8425.png,4,3,5
vFG417.png,3,2,1
vFG458.png,2,2,1
vRX482.png,2,2,3
cb0914269919bdc6-edb528135cbbf5d5-26a4586f7b9640a47fa08e1b7b8c08fa.png,3,1,4
vHX587.png,3,4,4
vRX87.png,3,3,3
vFG790.png,4,3,3
vRX418.png,4,3,3
vHX175.png,2,2,2
vFG741.png,5,4,5
vHX105.png,4,4,3
XMY-434.png,4,2,4
vFG2.png,4,2,4
vHX75.png,3,4,2
vHX26.png,5,4,5
vHX327.png,4,3,2
vRX818.png,5,4,6
vHX28.png,2,3,3
vRX836.png,4,3,2
vHX155.png,3,2,2
XMY-061.png,3,2,3
vFG220.png,3,3,4
94c7a85358f3796394ce8e3edfd9b04e.png,6,3,5
vRX287.png,4,3,2
vHX383.png,3,3,4
vFG343.png,4,4,6
vFG745.png,5,2,5
vRX600.png,4,5,6
vFG795.png,5,3,5
vHX202.png,5,4,3
vHX515.png,3,3,1
vFG286.png,5,4,4
rtrtetetrtet.png,4,3,5
vFG116.png,4,2,4
vHX233.png,4,3,3
vHX434.png,4,1,1
vRX627.png,6,4,2
vHX649.png,3,4,2
vRX207.png,5,3,4
vRX2.png,4,3,1
vHX711.png,3,5,2
XMY-127.png,3,2,4
vFG20.png,6,4,5
vHX214.png,5,2,2
vHX348.png,3,3,2
vRX591.png,3,3,5
vHX66.png,2,2,1
vFG319.png,5,3,4
0edb4c3c0ad23949c47f314dafe302d2.png,4,2,4
vHX386.png,4,3,1
vFG222.png,4,3,3
vFG699.png,3,2,2
vHX223.png,2,3,3
vRX291.png,4,3,2
vHX424.png,4,4,2
012ce0437aec38b7b42918f3e4971c13.png,4,3,5
vRX33.png,4,4,2
vFG778.png,4,2,4
vRX135.png,5,3,5
XMY-252.png,3,3,2
vRX254.png,3,4,4
vRX788.png,3,2,3
vFG177.png,5,2,3
vFG176.png,5,4,4
vHX150.png,2,3,4
vRX441.png,4,4,2
vHX503.png,3,1,1
vFG140.png,5,2,5
vFG349.png,5,3,3
vHX568.png,4,3,3
vRX219.png,4,3,2
vFG332.png,4,4,4
vHX410.png,4,2,2
vFG86.png,5,3,2
b17c8f01e57d5969-fe8eef509179466b-d60f31b11089c6c605666d9796537333.png,5,4,4
vFG676.png,5,3,3
XMY-372.png,4,3,4
vFG477.png,4,3,3
vFG105.png,5,4,4
vFG693.png,5,4,3
vFG233.png,5,4,3
vFG484.png,4,3,4
vHX648.png,4,4,4
vRX587.png,3,2,1
vFG702.png,5,4,5
vRX629.png,4,4,4
ab3590980d650e9e5a38c9db23fbe66c.png,2,3,3
vHX124.png,4,3,4
vRX772.png,3,2,4
vFG403.png,4,3,3
XMY-030.png,4,3,4
vHX242.png,2,3,1
vFG508.png,3,3,2
XMY-049.png,5,3,5
vFG131.png,4,3,3
vFG377.png,3,3,2
vRX149.png,1,3,1
0d384dbbcc121ca5049c423f81c26e6a.png,3,3,2
vHX643.png,5,3,1
XMY-182.png,4,3,4
vRX7.png,3,3,2
vFG325.png,5,3,4
XMY-073.png,5,3,5
vRX414.png,4,3,3
vHX385.png,4,3,2
vFG581.png,5,3,3
vFG213.png,4,3,3
vFG189.png,5,4,3
vRX431.png,5,2,3
vHX713.png,3,2,1
vHX240.png,3,4,4
vFG395.png,4,3,4
vRX264.png,4,3,2
ba5a880485d71a9d8c9af84bb71f7728.png,3,3,3
XYH-107.png,2,2,3
uyi.png,6,4,6
vHX211.png,3,3,5
vRX379.png,3,3,2
vFG165.png,4,3,4
vRX692.png,3,3,3
vRX564.png,2,3,2
vFG494.png,6,2,2
vHX218.png,4,3,5
60f966d398b8ef8527c60677ba20e0ee.png,4,3,3
vHX473.png,2,3,3
vFG25.png,4,3,4
vFG737.png,4,3,2
vRX489.png,2,3,2
vHX291.png,2,2,1
XYH-167.png,5,2,3
vFG312.png,6,2,5
vHX126.png,4,3,3
vHX732.png,4,2,3
XYH-175.png,4,3,4
XMY-280.png,5,3,4
3-150130155256.png,5,3,5
vFG467.png,5,3,3
vHX164.png,3,3,4
XYH-030.png,3,2,3
08d07734712422248a6af552f03453ea.png,3,3,4
vHX547.png,4,3,4
vHX433.png,4,3,2
vFG771.png,5,2,5
vRX601.png,3,3,2
vHX170.png,4,3,4
4131180f8bd977424bee61c6db075f6e.png,6,3,4
XYUH-025.png,3,2,3
vRX52.png,2,3,2
vRX773.png,5,3,1
vHX467.png,2,2,1
XMY-015.png,5,5,3
vHX51.png,5,3,3
vRX312.png,1,1,4
vHX157.png,3,2,1
vHX382.png,5,2,3
vFG781.png,4,2,1
vFG513.png,4,2,4
vFG47.png,5,3,4
vRX658.png,3,3,4
vHX611.png,3,3,2
vRX112.png,2,3,2
vFG263.png,6,2,3
vFG482.png,4,4,3
vRX753.png,3,3,4
vRX367.png,2,3,2
vFG227.png,4,3,3
vRX671.png,4,4,4
vRX314.png,2,2,2
vRX59.png,4,3,3
XMY-083.png,6,4,5
vFG397.png,5,2,5
vHX188.png,2,4,5
vHX504.png,3,1,1
vHX322.png,3,3,3
vRX680.png,2,4,4
vFG717.png,4,3,3
vRX700.png,4,3,2
vHX650.png,2,3,1
vFG658.png,5,3,1
vHX626.png,5,4,3
vRX552.png,5,4,1
XMY-463.png,4,3,5
vHX575.png,4,3,3
khkukyuky.png,3,3,3
vFG304.png,3,4,4
vHX265.png,2,2,3
vHX95.png,5,3,1
vFG46.png,4,3,4
vFG388.png,4,3,4
vHX226.png,3,4,4
vRX851.png,4,3,2
vHX121.png,5,3,3
vHX18.png,3,3,5
vFG182.png,4,4,4
vHX294.png,2,2,2
XMY-104.png,3,3,4
vRX780.png,3,3,1
vFG645.png,6,3,2
vRX597.png,4,3,3
vFG710.png,3,2,1
XMY-239.png,4,3,4
vHX31.png,4,4,2
vHX292.png,2,3,2
vFG798.png,6,2,3
vHX622.png,4,3,3
vFG599.png,4,4,5
vFG713.png,3,3,3
vRX146.png,5,3,2
QQ20171214193102.png,4,2,4
vRX448.png,3,3,3
vFG186.png,5,4,3
vFG288.png,4,4,4
vFG497.png,6,3,3
432eaf5486c1ed51fe5a7396b47dd7d6.png,3,3,3
d1850180018518bc99965a019a99c305.png,3,2,3
vFG733.png,3,3,4
2a6ff11f093dfa0081580c1b5b8c864b.png,4,3,4
vHX98.png,2,3,1
vFG134.png,4,3,5
vHX304.png,3,3,2
vRX363.png,2,2,2
vRX469.png,4,3,2
vHX324.png,3,2,2
vRX266.png,3,4,3
vFG253.png,6,2,2
XYUH-152.png,5,4,5
vRX481.png,5,4,4
vRX464.png,4,4,5
vRX188.png,4,2,3
vFG757.png,5,4,4
vFG842.png,4,3,4
73f84e0462a6d0331f31f545cf87dae5.png,4,3,2
vFG372.png,4,3,1
vRX281.png,4,4,5
vRX763.png,4,3,3
vFG617.png,5,3,3
vFG318.png,5,3,3
vRX678.png,2,3,3
vRX869.png,4,4,3
vHX402.png,3,3,3
vRX204.png,7,3,2
vHX108.png,2,1,2
XYUH-071.png,3,3,4
vFG307.png,4,4,3
vFG598.png,6,3,5
vFG571.png,5,4,6
vHX368.png,2,2,2
vRX467.png,3,4,4
vHX517.png,4,3,2
vHX56.png,4,4,2
vHX319.png,4,3,2
vHX681.png,3,2,1
8ed6feb8f72b89632d02fbafcc2511a9.png,5,3,3
vHX33.png,2,2,2
vRX784.png,5,4,3
vRX244.png,4,4,4
vHX600.png,3,2,2
vRX866.png,5,3,3
vFG148.png,3,3,3
vHX46.png,4,1,4
vRX124.png,4,4,2
vRX259.png,4,4,5
e59ea272f514e9e8313a3d5eb6056ccf.png,3,3,3
vFG669.png,3,3,4
vFG463.png,4,3,4
vHX449.png,6,3,3
vRX616.png,3,3,2
vHX161.png,4,3,1
vFG155.png,3,3,3
vFG810.png,6,2,5
vRX434.png,5,2,2
vHX253.png,3,2,4
vRX620.png,3,2,4
vHX639.png,2,4,3
f30487978c587a5f18dfa4d42fc6ccc0.png,2,3,4
vFG38.png,5,4,1
XMY-285.png,5,3,3
vRX677.png,5,4,2
vRX663.png,5,3,4
XMY-145.png,4,3,4
vFG434.png,3,4,3
vFG767.png,3,3,1
vRX14.png,4,3,4
vFG93.png,3,4,3
vFG769.png,4,2,4
vRX777.png,4,4,3
vFG419.png,4,2,3
vRX710.png,5,3,4
vRX111.png,5,4,2
vRX727.png,5,4,2
vRX679.png,4,4,1
vFG291.png,4,3,4
vFG796.png,4,1,4
XYH-178.png,4,3,5
vFG238.png,5,3,4
vRX138.png,3,2,1
vRX583.png,3,2,2
vHX710.png,2,3,4
vHX463.png,3,4,2
vFG711.png,3,2,4
vFG26.png,4,4,4
XMY-312.png,5,3,3
vRX533.png,5,3,5
vFG677.png,5,4,5
apic15361.png,4,3,4
vFG531.png,2,1,3
vFG110.png,6,3,5
vRX421.png,4,3,2
vRX248.png,4,3,4
vHX132.png,4,2,4
vRX125.png,4,3,3
vRX721.png,5,3,2
vFG441.png,4,3,3
vHX663.png,4,3,4
vHX143.png,3,3,3
vRX614.png,2,3,2
XMY-229.png,4,4,4
vRX189.png,4,4,4
vRX12.png,4,3,3
vRX180.png,4,2,1
vFG133.png,4,3,3
vFG611.png,5,4,4
vRX524.png,4,2,3
vFG523.png,5,4,2
vFG656.png,5,4,3
vFG619.png,3,3,2
vFG636.png,3,4,4
vHX88.png,3,3,3
vFG491.png,4,4,5
vRX795.png,5,3,3
vFG516.png,5,3,5
vRX107.png,4,3,1
vHX35.png,3,4,3
vFG279.png,4,2,4
vFG576.png,8,5,4
vFG719.png,2,4,5
vHX352.png,4,2,2
vHX595.png,2,1,2
vRX643.png,2,3,4
vFG542.png,4,4,4
YH-08.png,3,2,3
vRX64.png,4,3,2
vFG412.png,6,4,2
vHX362.png,5,4,4
21bf8e39948ca851f2a2d8368f9b8c99.png,5,3,4
vRX716.png,4,3,2
XYH-092.png,5,4,5
vHX271.png,4,2,2
vFG648.png,4,2,3
XMY-179.png,5,4,5
vHX122.png,2,2,2
vHX726.png,6,3,3
vHX30.png,3,2,4
vFG124.png,6,3,3
vRX640.png,5,4,1
XMY-089.png,4,4,3
vHX112.png,4,3,3
XMY-368.png,2,3,4
vFG225.png,3,4,4
3b429c9911ab488dbd995b35051744f8.png,5,3,4
vHX135.png,3,3,2
vHX166.png,3,3,2
vFG94.png,5,3,4
vRX659.png,3,3,2
eb1203150049.png,4,3,3
vRX859.png,5,4,5
vHX22.png,2,4,3
vHX704.png,1,2,3
f636afc379310a5581395500bd4543a982261020.png,4,4,4
vRX621.png,4,3,3
vRX860.png,4,3,2
vRX153.png,3,4,3
vRX211.png,5,4,5
vFG530.png,5,4,3
vHX497.png,4,3,2
vFG58.png,5,3,4
vRX630.png,1,3,2
vFG794.png,2,2,4
vFG705.png,5,2,2
vFG546.png,5,3,6
vRX624.png,3,4,2
vFG54.png,7,3,6
vRX50.png,3,3,4
vRX321.png,3,4,2
vHX603.png,4,3,2
vHX127.png,3,3,3
vRX499.png,6,5,7
8a3787752e43c72ed288080ce0648b21.png,6,3,4
vFG749.png,5,3,4
XYUH-088.png,5,4,6
vHX282.png,4,3,3
vHX387.png,4,3,4
vRX236.png,3,3,4
vRX410.png,3,4,1
vRX824.png,2,4,3
vRX488.png,4,3,1
vFG61.png,2,3,4
YH-23.png,5,3,4
vFG469.png,6,4,4
vRX756.png,4,3,4
XYUH-016.png,3,3,4
XMY-109.png,4,3,4
vRX570.png,4,3,1
vFG625.png,3,3,1
vRX196.png,4,4,3
765e7fbbd580c734d4469aaab60e1c8e.png,6,3,4
vFG797.png,5,3,4
vRX604.png,4,3,3
vFG613.png,6,4,4
vRX825.png,3,3,4
XYH-025.png,4,3,5
vRX127.png,5,3,3
vHX562.png,3,2,4
vRX514.png,4,4,4
vFG820.png,5,3,3
vHX418.png,2,4,3
8a1e2ce8eaff00f54391d6588cd0df46.png,3,4,4
vRX169.png,4,3,1
vHX444.png,5,2,3
vRX409.png,5,3,3
vFG445.png,5,2,3
vHX759.png,4,3,2
XYH-101.png,5,3,4
vFG829.png,5,3,2
vHX318.png,4,3,2
vHX742.png,3,3,2
a5bef619b76daca3bba80131bb55b2eb.png,4,3,5
XMY-303.png,5,4,4
vHX83.png,4,1,1
vFG674.png,5,5,2
vRX208.png,4,3,2
vHX657.png,5,3,4
vFG732.png,6,4,4
vFG506.png,2,2,2
vRX531.png,4,4,2
vRX822.png,4,3,2
vFG281.png,4,3,3
vFG69.png,3,2,3
vRX752.png,3,2,2
vRX376.png,2,4,2
XMY-003.png,4,4,5
d01dae40fe19a053f56d40566c043b87.png,4,2,3
vHX399.png,3,3,2
vRX765.png,4,3,3
vRX674.png,4,3,3
vRX159.png,3,2,3
a3aca3743972170b-f407d937f782b011-be1116a90744c2418c2fcf2148026964.png,4,4,4
vFG119.png,5,3,4
vHX678.png,2,5,3
vRX99.png,2,3,1
ac938d31ea79004dda1856f81b7500e3.png,4,3,4
vRX858.png,1,3,1
vFG101.png,6,4,5
XYH-003.png,4,3,3
vFG282.png,4,4,5
vRX901.png,4,3,3
vFG448.png,5,2,5
11cd36947eaf3dc39ad7bb30939196af.png,5,2,6
vHX526.png,2,4,3
vRX718.png,3,3,3
vRX806.png,3,3,3
vFG720.png,4,2,1
vRX849.png,4,5,3
vRX415.png,6,3,2
vHX682.png,3,2,3
vRX665.png,2,3,3
vHX17.png,3,3,1
XMY-063.png,4,3,5
vFG354.png,4,2,4
vFG78.png,4,4,3
vRX55.png,4,5,5
vFG366.png,5,3,3
vFG561.png,5,4,2
vFG251.png,4,3,3
e79a8706efd117f6-d20c2c70387e4933-d4ccd5ff221a31581b3a46b64ac7a602.png,2,2,3
vRX813.png,3,2,3
vFG435.png,4,3,4
vFG635.png,5,3,3
vFG822.png,4,4,4
vHX470.png,4,4,3
vHX409.png,5,4,3
vFG544.png,4,4,4
XMY-118.png,4,3,5
vRX161.png,4,3,3
vRX861.png,4,4,3
XYH-156.png,2,4,2
vRX223.png,5,4,5
vRX290.png,3,4,5
XMY-254.png,5,2,4
vHX201.png,5,2,2
XMY-205.png,6,4,6
vHX461.png,4,3,1
95AAC6156727FECF431C3798CD36BA9F.png,4,3,4
vFG375.png,5,4,4
vFG386.png,8,4,5
vRX826.png,3,2,2
vHX209.png,6,4,5
f0065bc922ed7d3a034b8486652edf16.png,5,3,5
vFG199.png,5,4,4
vFG847.png,6,3,2
vRX528.png,5,3,4
vRX521.png,5,2,1
vFG158.png,6,3,4
vRX820.png,4,3,2
vHX420.png,2,3,1
vFG3.png,3,3,3
vFG641.png,4,3,4
vFG837.png,4,3,3
vHX284.png,3,2,3
vFG75.png,5,3,4
vFG217.png,4,3,4
vRX334.png,5,2,3
vRX136.png,5,4,5
vRX28.png,2,3,2
vRX8.png,5,4,5
vHX392.png,5,3,3
vFG350.png,3,3,3
vHX293.png,3,3,2
vFG9.png,5,3,3
vHX21.png,2,3,1
vHX601.png,4,3,3
vHX379.png,2,2,3
vFG121.png,4,3,5
XMY-432.png,3,3,3
vRX802.png,3,2,3
vFG190.png,3,3,2
vFG787.png,4,3,4
vHX605.png,4,2,3
vFG316.png,5,3,3
vFG205.png,5,2,5
87989.png,4,3,4
vRX848.png,4,3,4
vHX154.png,4,3,3
vFG663.png,3,3,4
vFG87.png,5,2,5
vHX476.png,4,4,3
vRX503.png,5,4,4
vHX374.png,4,3,2
vHX241.png,5,4,3
vRX856.png,3,2,2
XYUH-019.png,5,4,5
vRX704.png,4,5,5
vHX597.png,3,4,2
vHX262.png,5,3,5
vRX745.png,2,4,4
XMY-087.png,7,4,4
vRX602.png,4,4,3
vHX661.png,4,2,2
vFG574.png,5,3,3
vHX571.png,1,5,3
vHX677.png,5,4,4
vRX522.png,4,3,2
vHX767.png,3,3,2
vRX468.png,4,4,2
vHX195.png,4,3,2
vRX21.png,4,4,3
vFG848.png,6,3,5
vHX162.png,4,4,4
vRX283.png,3,3,4
vRX484.png,2,3,2
vHX613.png,4,3,5
vFG496.png,3,2,4
vFG68.png,2,2,3
vHX510.png,4,3,3
vFG79.png,3,3,4
vHX407.png,5,2,3
vRX303.png,5,3,5
vFG71.png,4,3,3
vFG56.png,6,4,2
vHX63.png,6,3,4
vHX708.png,2,2,3
XYUH-085.png,4,4,5
vFG157.png,4,4,2
vRX152.png,4,3,4
vRX399.png,3,3,4
vHX513.png,4,2,1
XMY-173.png,3,3,3
XMY-307.png,3,3,4
vRX17.png,4,3,3
vFG167.png,4,3,5
vHX604.png,2,2,2
vRX5.png,2,3,3
XYH-046.png,4,4,3
vRX393.png,3,2,3
vRX666.png,3,2,2
vRX130.png,4,2,1
vHX220.png,2,3,2
vRX339.png,3,3,3
vHX675.png,4,3,1
vRX338.png,5,5,4
vRX411.png,3,3,4
XMY-427.png,5,3,4
vHX252.png,5,3,3
vHX588.png,3,3,2
vFG29.png,5,2,3
vFG553.png,5,3,5
vFG478.png,4,3,3
XMY-059.png,3,2,5
vFG151.png,3,3,3
vRX775.png,4,3,3
vHX548.png,4,3,3
vRX799.png,2,3,3
b94fc31829bd11fcbf935d285b93dba3.png,3,3,4
vHX435.png,3,4,2
vRX746.png,3,3,2
vRX233.png,3,3,3
vRX872.png,2,3,3
yrtyryt.png,2,2,2
vFG754.png,2,3,4
vRX77.png,4,4,3
vHX654.png,5,3,5
vFG683.png,2,3,2
vFG799.png,3,4,3
vFG521.png,4,4,3
vHX96.png,2,3,3
vFG584.png,4,3,5
vRX416.png,6,2,2
vFG517.png,5,3,3
vFG729.png,3,4,2
vFG52.png,4,3,2
vHX770.png,2,3,1
5e755961e8a988678ce0f48464c8da74.png,3,3,3
vHX635.png,4,3,1
vHX355.png,2,3,4
vHX78.png,5,2,3
vFG102.png,2,3,4
vFG591.png,4,4,3
vFG747.png,5,3,6
vRX319.png,4,5,2
03480298a56454e8fab7df9efbff8040.png,4,3,2
vFG244.png,4,3,4
vFG577.png,6,4,5
vRX615.png,3,2,2
vHX114.png,4,4,5
vFG427.png,4,4,3
vHX592.png,3,3,2
vFG639.png,3,3,4
vHX699.png,3,3,3
vHX375.png,4,3,1
XYH-042.png,4,3,4
vFG793.png,4,3,2
vRX199.png,4,4,3
XYH-172.png,6,3,3
ututuy.png,3,3,5
XMY-387.png,3,3,3
vHX125.png,4,3,5
vHX534.png,4,3,5
vRX295.png,3,2,3
vRX855.png,4,3,3
vFG468.png,5,1,3
vFG89.png,4,4,3
vFG439.png,3,3,5
XYH-108.png,5,3,4
ac75323d6b6de243-cac4955356021c85-a291c1f456f63e26dbc4ec41a8d8d168.png,4,3,3
vFG782.png,4,3,3
vFG644.png,5,3,4
vFG380.png,2,3,4
vRX617.png,4,3,2
vHX564.png,3,3,4
vFG405.png,3,2,2
6d8b3d09feb4a574042b431ed3f29f0f.png,5,4,5
vRX313.png,4,3,3
vFG740.png,3,3,4
vRX11.png,3,2,3
vFG827.png,2,2,3
vFG554.png,5,4,4
vFG592.png,3,4,3
vFG780.png,4,3,4
vFG13.png,4,3,3
vFG327.png,5,4,3
vFG219.png,4,3,3
b41f1f7fd71a2744bd9c2fcfe55e12b6.png,5,3,4
vRX731.png,3,3,1
vFG624.png,6,4,6
dfbe8ada2c1bcfd853000b4d83d311e3.png,6,4,3
vHX653.png,3,3,3
vFG524.png,4,4,3
vHX310.png,4,2,3
vRX202.png,5,3,4
vHX771.png,4,4,4
vFG123.png,4,4,4
vRX504.png,3,2,1
vRX408.png,5,2,3
vFG389.png,4,3,4
vHX701.png,5,3,3
vHX29.png,1,3,5
XYH-094.png,1,2,3
vRX547.png,3,2,3
XMY-170.png,5,3,4
vFG136.png,5,3,4
vHX303.png,5,4,2
vRX632.png,3,2,2
vHX40.png,4,3,5
vRX543.png,4,3,3
XMY-402.png,5,2,4
vRX868.png,6,4,3
vRX396.png,5,4,4
vHX416.png,3,2,4
vFG278.png,3,2,2
vRX867.png,7,4,1
vFG580.png,4,3,3
vHX344.png,4,3,2
9557ea1d9ea9baa1674a83023e6cd6b1.png,3,3,3
vHX343.png,3,2,1
vHX350.png,3,2,1
vFG775.png,5,3,3
vHX667.png,3,4,1
vHX176.png,3,2,3
vRX707.png,6,3,3
vRX57.png,3,3,4
vHX644.png,4,4,3
vHX607.png,3,2,5
vRX140.png,4,2,3
vRX578.png,3,3,3
vFG509.png,4,3,3
vFG657.png,6,2,4
vHX196.png,2,1,3
vRX816.png,5,4,4
vFG736.png,4,4,3
vRX285.png,3,3,3
vRX373.png,2,3,3
vRX117.png,4,2,3
vHX64.png,3,3,3
vFG609.png,4,4,2
8381966436327982321.png,3,3,4
vFG846.png,4,3,3
vHX42.png,4,3,4
f6fee9e40585bfea974e3d8cf78fe12d.png,5,3,3
tooopen_sy_148040474216.png,5,2,3
vHX552.png,5,3,2
vRX361.png,5,4,3
XYUH-117.png,2,2,4
31bdcd86ffa8cc91444ec6ca921e32e5.png,5,3,4
vRX109.png,4,4,3
vFG159.png,4,3,2
vHX627.png,3,4,1
vRX390.png,5,2,5
vRX352.png,4,4,2
YH-137.png,6,3,3
vFG709.png,4,4,4
vHX395.png,5,3,1
vFG457.png,6,4,4
vRX497.png,3,3,3
vHX698.png,3,1,1
vHX151.png,4,3,4
vHX129.png,3,3,2
vHX738.png,4,3,2
vFG450.png,6,3,4
vRX20.png,3,4,3
vFG215.png,3,2,3
YH-69.png,5,3,5
vFG763.png,4,4,2
vRX193.png,5,4,4
vFG791.png,5,3,1
vHX415.png,4,3,1
XYH-082.png,4,3,4
vHX555.png,3,3,3
vRX778.png,2,2,2
vHX24.png,2,2,4
vRX588.png,4,3,2
vRX837.png,2,3,3
vRX695.png,3,2,2
vHX606.png,1,3,3
vHX621.png,4,2,2
vHX360.png,5,3,3
vHX428.png,4,4,3
vFG687.png,7,4,3
vRX37.png,2,2,2
vHX550.png,4,4,3
vHX544.png,4,2,5
vHX302.png,1,2,3
vRX800.png,4,4,4
vFG96.png,4,3,3
vHX763.png,2,3,3
vHX580.png,4,3,1
vRX636.png,3,4,3
vHX27.png,2,3,4
vRX460.png,2,3,1
vHX490.png,1,3,1
vFG626.png,5,2,2
vHX219.png,3,2,1
vHX49.png,2,2,1
vFG230.png,3,3,4
vHX655.png,3,3,3
vFG180.png,4,3,4
ef22531c99c63c3c31b2e3dce6926e59.png,4,3,1
vHX489.png,5,4,5
vHX332.png,5,1,4
vFG330.png,4,3,2
vRX337.png,5,2,2
vFG630.png,5,3,5
vFG344.png,3,3,2
vFG628.png,5,3,4
YH-92.png,4,3,2
vHX44.png,5,4,1
vFG752.png,5,3,4
vFG351.png,5,3,6
ac75323d6b6de243-cac4955356021c85-6e609d6fe2213cc97b4c7a5ef08e4f07.png,6,4,5
vHX128.png,5,5,6
vFG831.png,5,3,3
vRX167.png,3,3,1
vRX669.png,3,3,1
vFG36.png,3,3,3
vHX585.png,4,3,2
vRX372.png,3,3,4
XYUH-132.png,4,4,2
f844867da1d09bb8e4de572849102742.png,5,3,4
vFG385.png,4,3,3
vHX259.png,6,4,5
vRX483.png,4,3,3
vFG838.png,7,3,5
vRX566.png,3,2,2
vHX612.png,4,4,2
QQ20171214193917.png,5,3,3
vFG262.png,5,4,4
vFG257.png,4,4,6
vRX110.png,3,3,4
vRX698.png,5,3,4
vFG234.png,6,5,4
27cf6c5f6d9f15a1b5ca5453a7d20802.png,4,4,3
vRX284.png,1,2,1
vRX537.png,5,2,4
XYH-133.png,6,4,4
vFG260.png,4,2,3
vHX559.png,5,3,2
vRX491.png,4,3,3
vFG471.png,5,3,4
vRX192.png,6,3,2
XMY-112.png,4,3,3
vRX200.png,3,3,2
vHX722.png,2,3,3
vRX351.png,3,3,3
XYH-126.png,5,3,4
vRX697.png,5,2,3
vFG49.png,3,3,4
vFG76.png,5,4,4
vRX631.png,4,2,2
vRX840.png,4,2,1
vHX159.png,2,3,2
vFG243.png,5,3,2
9d8e5af6127c3b31c4ce35276a8f9ca1.png,4,3,1
f45993f39b38a5f83e5869c18ea14c97.png,4,3,2
vRX402.png,5,3,5
d439d4f5704c99f55aa6b88a40a3ea62.png,3,3,2
vHX466.png,4,4,2
vFG392.png,6,4,6
XYH-007.png,3,3,4
vRX641.png,3,3,2
vHX427.png,4,3,3
vHX69.png,3,3,1
vRX793.png,4,3,3
vFG647.png,4,3,2
vRX539.png,5,3,2
XYH-170.png,4,3,5
vFG579.png,4,2,4
vRX852.png,3,3,2
vFG433.png,5,4,6
XMY-295.png,3,3,3
vHX181.png,4,3,3
vRX35.png,4,3,2
vRX446.png,4,3,3
vFG72.png,3,2,2
vHX532.png,3,3,2
0fa4a0c941ca203c50d8188d7a6ae518.png,5,3,4
vFG826.png,4,3,4
vRX572.png,2,3,2
vRX529.png,4,4,2
vHX207.png,5,3,3
vHX758.png,3,3,2
vFG823.png,4,3,4
vRX385.png,4,4,4
vFG390.png,4,3,3
vHX32.png,2,4,3
vFG489.png,4,3,3
vRX405.png,2,3,3
vFG694.png,4,2,3
vFG586.png,4,3,4
vRX558.png,3,2,2
vHX694.png,4,3,1
vFG430.png,4,3,3
vRX571.png,5,4,3
vHX59.png,3,2,1
vRX78.png,4,3,2
XMY-111.png,5,4,4
vHX462.png,3,3,3
vFG768.png,5,3,4
vHX177.png,4,5,1
XMY-257.png,4,4,5
vRX807.png,6,3,3
vFG81.png,3,3,3
vFG832.png,4,3,5
vRX325.png,3,3,2
vRX662.png,3,2,2
2221b30fe24171ec-6f4d22b8019fd5c5-649c1cf41450004f48995f092ab6e110.png,5,2,4
vRX613.png,1,2,3
XMY-431.png,2,3,3
vFG311.png,5,4,4
vFG828.png,5,3,2
vRX871.png,3,2,1
vRX53.png,3,2,3
vHX41.png,5,4,3
vFG125.png,4,5,4
vHX370.png,2,3,3
XYH-131.png,3,3,3
Mypsd_2969_201012102201250011B.png,3,3,2
vRX349.png,5,4,4
vFG770.png,4,2,2
15d06c640213f4d70d42bf6a8ae28d05.png,5,3,3
XMY-045.png,4,2,4
vHX596.png,4,3,3
vRX301.png,5,3,5
XMY-029.png,5,4,6
vHX144.png,2,4,4
181bef741bf71ca0866eacaa59e61b38.png,5,3,3
vHX445.png,2,3,2
vFG338.png,3,2,3
vHX224.png,5,3,1
vHX61.png,3,3,1
vFG40.png,3,4,3
vFG45.png,5,3,5
vHX688.png,4,4,2
XMY-332.png,4,4,4
vFG138.png,3,3,1
vRX661.png,4,2,2
vHX295.png,3,3,4
vHX565.png,3,3,5
vFG849.png,4,2,3
vFG32.png,5,4,6
XYH-021.png,5,3,4
XMY-141.png,4,1,2
vFG815.png,3,3,3
vRX563.png,5,3,4
vFG488.png,5,3,3
vFG209.png,4,3,2
vRX702.png,3,3,2
vHX496.png,2,2,2
vHX137.png,4,3,3
vHX190.png,2,3,2
vHX480.png,3,1,2
vRX424.png,2,2,1
75af8a2c7c2e027b857788a9976d383b.png,5,4,4
vFG164.png,4,3,3
vFG557.png,5,3,3
vRX430.png,3,4,2
vRX271.png,4,4,4
XMY-304.png,3,3,4
vFG41.png,5,1,5
vHX321.png,6,4,4
vFG235.png,5,3,3
vHX189.png,4,2,4
vRX306.png,4,3,4
vHX198.png,3,3,4
vRX495.png,3,3,4
vRX847.png,4,2,3
vRX437.png,4,3,3
vHX340.png,5,2,2
vHX633.png,3,3,3
vRX498.png,2,3,2
vRX651.png,3,3,2
vFG585.png,4,3,4
vRX435.png,3,3,3
vFG590.png,3,3,4
vFG845.png,5,2,3
vFG670.png,3,3,2
vHX16.png,3,1,4
vRX754.png,4,4,5
vFG365.png,4,4,1
XMY-429.png,3,3,5
vFG373.png,4,4,4
XYH-061.png,4,2,4
vHX229.png,1,3,2
vRX688.png,4,3,2
vFG48.png,4,3,3
20110310_80.png,5,3,4
vFG728.png,4,2,4
vRX308.png,4,3,3
vFG528.png,3,2,1
vFG347.png,5,3,4
vRX381.png,4,3,2
vRX24.png,4,4,2
vFG300.png,4,4,5
vHX714.png,2,2,2
vHX138.png,3,2,3
vHX437.png,2,1,2
XMY-028.png,3,3,5
vHX140.png,3,3,3
vRX422.png,2,3,3
vHX179.png,5,2,2
vHX171.png,4,3,3
vFG495.png,5,4,4
vRX647.png,3,2,3
vHX712.png,3,3,3
vFG137.png,5,3,3
vFG402.png,3,5,5
vRX699.png,3,3,3
vHX55.png,4,3,4
vRX737.png,5,2,2
vRX505.png,4,3,3
vRX81.png,5,4,5
vFG738.png,5,2,4
vHX82.png,3,4,2
vFG284.png,4,4,3
XYH-002.png,4,3,4
bbddd296c79d8edf6520e8673861bc52.png,5,3,5
ff4577bf68b3de093f136b49d17bbcc3.png,4,2,2
vFG814.png,5,4,5
vRX327.png,5,3,3
vRX432.png,4,3,2
vRX19.png,4,3,3
vRX102.png,2,4,2
vHX119.png,5,3,5
52f7351bb817d8b45fa6aa4007b31181.png,5,3,5
vFG840.png,6,4,2
XMY-110.png,2,3,3
vFG597.png,5,4,4
vFG376.png,4,3,3
vHX432.png,4,4,5
vRX585.png,4,3,5
vHX286.png,3,3,3
vRX452.png,3,3,3
vRX748.png,4,3,4
vHX334.png,4,2,4
vHX111.png,5,4,2
vFG285.png,7,3,5
vFG668.png,5,3,3
vHX2.png,3,2,2
vRX256.png,2,3,3
vFG250.png,6,4,6
vFG223.png,2,3,4
vRX162.png,7,3,5
vRX755.png,2,4,3
vHX307.png,3,3,2
vRX239.png,5,3,3
vRX556.png,5,3,4
vFG34.png,6,4,4
vFG370.png,6,4,1
vRX726.png,3,3,4
vFG643.png,4,3,5
vFG567.png,5,3,5
vRX833.png,4,4,4
vFG578.png,5,3,3
vHX48.png,5,3,3
vHX279.png,4,2,4
vFG117.png,3,3,4
vFG144.png,3,2,4
vRX817.png,4,2,2
XMY-268.png,4,4,3
vHX149.png,5,3,2
vFG565.png,6,3,3
vHX320.png,3,3,3
vFG555.png,6,2,4
vRX865.png,4,4,1
XYH-068.png,3,3,3
vRX845.png,4,4,3
vHX281.png,3,2,1
vHX391.png,5,3,2
vRX217.png,4,3,4
vRX406.png,4,2,4
vFG451.png,6,4,4
vFG143.png,5,3,2
XYH-069.png,4,2,2
ertertrete.png,4,2,4
vRX39.png,3,3,2
vFG623.png,5,5,3
vHX471.png,2,3,2
vFG474.png,2,3,4
vFG688.png,4,3,3
vRX173.png,2,4,3
vRX455.png,3,3,3
vFG103.png,4,4,4
vHX593.png,3,2,3
vFG92.png,4,2,4
XMY-142.png,4,3,4
vFG785.png,3,3,4
vRX493.png,3,3,4
vFG706.png,3,1,3
vHX298.png,3,3,3
vRX230.png,3,3,2
XMY-442.png,4,3,3
0512fa1eb74daff32c1e81cbf736306f.png,4,2,5
vHX492.png,1,3,3
vRX294.png,3,4,4
XYH-164.png,5,3,4
vHX690.png,3,3,4
d3b1af3de95cc4da1b1a1a8eca2176de.png,5,4,4
vHX429.png,4,3,1
vFG818.png,3,5,4
1a200897368df69e05b9e1d6d3d1ad9a.png,5,3,3
vFG850.png,2,3,3
vHX549.png,4,3,3
vRX250.png,2,2,3
vRX108.png,4,2,2
vRX22.png,5,4,3
vFG446.png,4,3,4
vHX308.png,2,3,1
vRX267.png,3,3,3
vRX776.png,3,2,4
vFG735.png,5,4,4
vRX185.png,5,4,3
vRX790.png,3,3,2
vRX475.png,3,2,2
vHX173.png,5,4,5
vHX458.png,2,3,1
vFG156.png,5,3,3
vHX339.png,5,3,2
vRX170.png,3,3,2
vRX84.png,3,3,1
vRX844.png,3,2,1
vRX823.png,5,3,5
vFG353.png,5,3,3
vRX417.png,4,3,1
vFG526.png,4,4,3
1f178a82b9014a900bbf8f87a2773912b31bee0c.png,5,3,4
vHX425.png,2,2,2
vHX8.png,5,2,2
vHX134.png,4,2,3
vRX251.png,2,2,2
vFG378.png,5,4,5
vFG192.png,4,3,2
vFG485.png,5,2,4
vHX264.png,1,3,1
vRX218.png,3,3,2
XYH-145.png,3,4,4
vFG275.png,4,2,4
vFG352.png,5,2,5
vRX209.png,4,2,4
vHX335.png,4,2,3
a3aca3743972170b-f407d937f782b011-0a4b34f1a24e5b73da6580404617f304.png,3,3,3
vHX210.png,4,3,1
vHX182.png,5,2,3
vFG194.png,4,3,2
vRX394.png,2,3,2
vHX554.png,3,3,2
vFG473.png,5,3,4
XMY-005.png,5,5,6
vRX268.png,4,5,5
vRX212.png,3,3,2
vFG573.png,5,4,3
vFG507.png,3,3,2
vRX565.png,3,3,3
vFG283.png,4,3,5
55fad76abbeddf25ab7a04632fca9391.png,3,3,1
XMY-024.png,4,2,4
vRX413.png,3,4,5
vFG114.png,5,3,4
vRX555.png,3,3,4
5bf9f00097f195abed7cab3ba4138e29.png,4,3,4
vHX297.png,4,2,3
vRX850.png,2,3,1
vFG777.png,5,4,3
vRX286.png,4,2,3
vFG483.png,4,3,4
vFG824.png,3,3,3
vFG95.png,4,3,3
XYUH-061.png,4,3,4
vRX742.png,6,4,5
vHX183.png,2,3,1
vFG844.png,5,3,3
YH-39.png,5,2,4
vRX492.png,4,3,3
vHX525.png,5,4,4
XYH-040.png,4,3,3
vHX93.png,5,4,4
vFG615.png,4,3,4
vFG498.png,2,4,3
vHX743.png,4,3,5
vHX329.png,4,4,3
XMY-216.png,3,3,3
vRX561.png,4,3,3
vHX411.png,3,3,1
vHX230.png,4,3,1
vHX235.png,3,3,3
vHX50.png,4,2,3
vRX798.png,3,4,3
XMY-107.png,5,2,5
vRX86.png,4,2,2
vRX166.png,4,3,4
vRX635.png,2,4,4
vRX358.png,3,4,3
vHX296.png,2,2,2
vFG135.png,3,2,4
vHX378.png,4,2,3
XMY-276.png,5,3,5
vRX439.png,3,3,3
vHX268.png,3,3,3
vFG415.png,5,3,5
vRX494.png,7,3,5
vRX459.png,4,3,4
vFG82.png,5,2,1
vHX625.png,5,4,6
vFG382.png,4,2,4
vRX318.png,4,3,3
vHX569.png,3,4,4
vRX25.png,2,3,3
vHX638.png,5,3,4
vRX252.png,4,3,3
vRX175.png,3,3,1
vRX544.png,3,3,5
vHX761.png,3,3,2
f57ba59499ddbe5736d29480411fe8e4.png,4,2,3
vFG600.png,5,5,5
vRX691.png,3,4,4
vHX631.png,4,3,1
vRX229.png,5,3,2
vFG664.png,3,3,2
vHX89.png,5,3,1
vFG520.png,5,3,2
vRX747.png,4,3,3
vRX701.png,4,3,4
vFG756.png,5,3,5
96309f46ebc93dfe68041832e7131b6d.png,3,2,3
XMY-204.png,4,3,3
vHX539.png,4,3,4
vRX770.png,3,3,3
vRX331.png,3,3,2
ac75323d6b6de243-cac4955356021c85-6c42cb70a4c76cb8f3376033fb017f65.png,5,4,5
vFG472.png,5,3,4
vHX488.png,3,4,3
vHX43.png,2,3,2
vFG406.png,5,4,3
vRX323.png,5,3,2
vHX107.png,2,2,1
dd0edb23b9ddf337797a9eb5426beea5.png,4,4,2
vFG612.png,5,4,4
vRX681.png,3,2,3
vRX835.png,5,3,4
vHX120.png,4,4,4
vHX256.png,4,2,3
vFG660.png,4,3,3
vFG150.png,5,4,3
vHX77.png,4,5,3
vFG174.png,5,1,5
vHX79.png,4,3,2
vHX300.png,3,3,2
vFG452.png,5,3,4
vHX576.png,2,3,2
vRX292.png,3,3,2
vFG11.png,6,4,4
vHX724.png,2,3,3
vRX305.png,2,3,4
vRX222.png,5,4,5
vFG618.png,4,4,4
vRX297.png,4,4,3
vRX392.png,4,2,2
vHX231.png,3,4,4
XYH-085.png,4,3,3
vRX384.png,3,3,4
vRX873.png,3,2,1
vRX875.png,4,3,5
vRX877.png,2,2,2
vRX878.png,4,2,3
vRX879.png,4,3,1
vRX88.png,3,3,2
vRX880.png,3,4,2
vRX881.png,5,4,2
vRX882.png,3,3,2
vRX884.png,4,2,4
vRX885.png,3,2,2
vRX886.png,4,4,4
vRX887.png,5,3,3
vRX888.png,4,2,1
vRX889.png,5,4,3
vRX89.png,2,3,2
vRX890.png,3,3,3
vRX891.png,5,3,2
vRX892.png,2,2,3
vRX893.png,5,3,3
vRX894.png,2,2,3
vRX895.png,4,3,1
vRX898.png,3,4,5
vRX899.png,2,3,3
vRX9.png,5,4,5
vRX90.png,3,2,2
vRX900.png,2,4,3
vRX903.png,3,3,3
vRX904.png,4,4,4
vRX905.png,4,3,4
vRX907.png,2,2,2
vRX908.png,3,4,2
vRX91.png,4,3,2
vRX911.png,3,3,2
vRX912.png,5,3,4
vRX913.png,3,3,2
vRX914.png,4,3,2
vRX915.png,5,4,2
vRX916.png,3,3,4
vRX92.png,2,4,2
vRX93.png,4,4,3
vRX94.png,1,3,4
vRX95.png,3,2,2
vRX96.png,2,3,3
vRX97.png,4,2,2
vRX98.png,3,4,3
xfsy_0275.png,3,3,3
ytyrty.png,4,3,4
XMY-023.png,0,0,0
XMY-176.png,0,0,0
XMY-433.png,0,0,0
XYH-150.png,0,0,0
XYUH-002.png,0,0,0
XYUH-006.png,0,0,0
XYUH-007.png,0,0,0
XYUH-010.png,0,0,0
vSYYZ1.png,0,0,0
vSYYZ100.png,0,0,0
vSYYZ101.png,0,0,0
vSYYZ103.png,0,0,0
vSYYZ104.png,0,0,0
vSYYZ105.png,0,0,0
vSYYZ107.png,0,0,0
vSYYZ109.png,0,0,0
vSYYZ110.png,0,0,0
vSYYZ111.png,0,0,0
vSYYZ113.png,0,0,0
vSYYZ114.png,0,0,0
vSYYZ115.png,0,0,0
vSYYZ116.png,0,0,0
vSYYZ117.png,0,0,0
vSYYZ118.png,0,0,0
vSYYZ119.png,0,0,0
vSYYZ120.png,0,0,0
vSYYZ121.png,0,0,0
vSYYZ122.png,0,0,0
vSYYZ123.png,0,0,0
vSYYZ124.png,0,0,0
vSYYZ125.png,0,0,0
vSYYZ126.png,0,0,0
vSYYZ127.png,0,0,0
vSYYZ128.png,0,0,0
vSYYZ129.png,0,0,0
vSYYZ13.png,0,0,0
vSYYZ130.png,0,0,0
vSYYZ132.png,0,0,0
vSYYZ133.png,0,0,0
vSYYZ134.png,0,0,0
vSYYZ135.png,0,0,0
vSYYZ137.png,0,0,0
vSYYZ138.png,0,0,0
vSYYZ139.png,0,0,0
vSYYZ140.png,0,0,0
vSYYZ141.png,0,0,0
vSYYZ142.png,0,0,0
vSYYZ143.png,0,0,0
vSYYZ144.png,0,0,0
vSYYZ145.png,0,0,0
vSYYZ149.png,0,0,0
vSYYZ15.png,0,0,0
vSYYZ153.png,0,0,0
vSYYZ154.png,0,0,0
vSYYZ155.png,0,0,0
vSYYZ156.png,0,0,0
vSYYZ157.png,0,0,0
vSYYZ158.png,0,0,0
vSYYZ159.png,0,0,0
vSYYZ160.png,0,0,0
vSYYZ161.png,0,0,0
vSYYZ163.png,0,0,0
vSYYZ164.png,0,0,0
vSYYZ166.png,0,0,0
vSYYZ168.png,0,0,0
vSYYZ169.png,0,0,0
vSYYZ17.png,0,0,0
vSYYZ170.png,0,0,0
vSYYZ171.png,0,0,0
vSYYZ172.png,0,0,0
vSYYZ173.png,0,0,0
vSYYZ175.png,0,0,0
vSYYZ176.png,0,0,0
vSYYZ177.png,0,0,0
vSYYZ178.png,0,0,0
vSYYZ179.png,0,0,0
vSYYZ18.png,0,0,0
vSYYZ180.png,0,0,0
vSYYZ181.png,0,0,0
vSYYZ182.png,0,0,0
vSYYZ183.png,0,0,0
vSYYZ184.png,0,0,0
vSYYZ186.png,0,0,0
vSYYZ187.png,0,0,0
vSYYZ189.png,0,0,0
vSYYZ19.png,0,0,0
vSYYZ191.png,0,0,0
vSYYZ192.png,0,0,0
vSYYZ193.png,0,0,0
vSYYZ194.png,0,0,0
vSYYZ195.png,0,0,0
vSYYZ196.png,0,0,0
vSYYZ197.png,0,0,0
vSYYZ198.png,0,0,0
vSYYZ199.png,0,0,0
vSYYZ2.png,0,0,0
vSYYZ200.png,0,0,0
vSYYZ201.png,0,0,0
vSYYZ202.png,0,0,0
vSYYZ203.png,0,0,0
vSYYZ204.png,0,0,0
vSYYZ205.png,0,0,0
vSYYZ206.png,0,0,0
vSYYZ207.png,0,0,0
vSYYZ208.png,0,0,0
vSYYZ209.png,0,0,0
vSYYZ21.png,0,0,0
vSYYZ210.png,0,0,0
vSYYZ211.png,0,0,0
vSYYZ212.png,0,0,0
vSYYZ214.png,0,0,0
vSYYZ215.png,0,0,0
vSYYZ216.png,0,0,0
vSYYZ217.png,0,0,0
vSYYZ219.png,0,0,0
vSYYZ220.png,0,0,0
vSYYZ223.png,0,0,0
vSYYZ225.png,0,0,0
vSYYZ226.png,0,0,0
vSYYZ228.png,0,0,0
vSYYZ229.png,0,0,0
vSYYZ23.png,0,0,0
vSYYZ230.png,0,0,0
vSYYZ232.png,0,0,0
vSYYZ233.png,0,0,0
vSYYZ237.png,0,0,0
vSYYZ239.png,0,0,0
vSYYZ240.png,0,0,0
vSYYZ241.png,0,0,0
vSYYZ242.png,0,0,0
vSYYZ243.png,0,0,0
vSYYZ244.png,0,0,0
vSYYZ245.png,0,0,0
vSYYZ247.png,0,0,0
vSYYZ248.png,0,0,0
vSYYZ249.png,0,0,0
vSYYZ25.png,0,0,0
vSYYZ251.png,0,0,0
vSYYZ253.png,0,0,0
vSYYZ255.png,0,0,0
vSYYZ256.png,0,0,0
vSYYZ257.png,0,0,0
vSYYZ258.png,0,0,0
vSYYZ259.png,0,0,0
vSYYZ26.png,0,0,0
vSYYZ260.png,0,0,0
vSYYZ262.png,0,0,0
vSYYZ263.png,0,0,0
vSYYZ264.png,0,0,0
vSYYZ266.png,0,0,0
vSYYZ267.png,0,0,0
vSYYZ268.png,0,0,0
vSYYZ269.png,0,0,0
vSYYZ27.png,0,0,0
vSYYZ270.png,0,0,0
vSYYZ271.png,0,0,0
vSYYZ272.png,0,0,0
vSYYZ273.png,0,0,0
vSYYZ274.png,0,0,0
vSYYZ275.png,0,0,0
vSYYZ277.png,0,0,0
vSYYZ279.png,0,0,0
vSYYZ281.png,0,0,0
vSYYZ282.png,0,0,0
vSYYZ285.png,0,0,0
vSYYZ286.png,0,0,0
vSYYZ289.png,0,0,0
vSYYZ29.png,0,0,0
vSYYZ290.png,0,0,0
vSYYZ295.png,0,0,0
vSYYZ297.png,0,0,0
vSYYZ299.png,0,0,0
vSYYZ300.png,0,0,0
vSYYZ301.png,0,0,0
vSYYZ304.png,0,0,0
vSYYZ306.png,0,0,0
vSYYZ307.png,0,0,0
vSYYZ310.png,0,0,0
vSYYZ311.png,0,0,0
vSYYZ313.png,0,0,0
vSYYZ315.png,0,0,0
vSYYZ316.png,0,0,0
vSYYZ317.png,0,0,0
vSYYZ319.png,0,0,0
vSYYZ320.png,0,0,0
vSYYZ323.png,0,0,0
vSYYZ324.png,0,0,0
vSYYZ325.png,0,0,0
vSYYZ326.png,0,0,0
vSYYZ327.png,0,0,0
vSYYZ329.png,0,0,0
vSYYZ33.png,0,0,0
vSYYZ330.png,0,0,0
vSYYZ333.png,0,0,0
vSYYZ334.png,0,0,0
vSYYZ336.png,0,0,0
vSYYZ337.png,0,0,0
vSYYZ338.png,0,0,0
vSYYZ339.png,0,0,0
vSYYZ34.png,0,0,0
vSYYZ340.png,0,0,0
vSYYZ341.png,0,0,0
vSYYZ343.png,0,0,0
vSYYZ344.png,0,0,0
vSYYZ345.png,0,0,0
vSYYZ346.png,0,0,0
vSYYZ347.png,0,0,0
vSYYZ349.png,0,0,0
vSYYZ35.png,0,0,0
vSYYZ351.png,0,0,0
vSYYZ352.png,0,0,0
vSYYZ353.png,0,0,0
vSYYZ354.png,0,0,0
vSYYZ355.png,0,0,0
vSYYZ356.png,0,0,0
vSYYZ357.png,0,0,0
vSYYZ358.png,0,0,0
vSYYZ359.png,0,0,0
vSYYZ36.png,0,0,0
vSYYZ360.png,0,0,0
vSYYZ361.png,0,0,0
vSYYZ362.png,0,0,0
vSYYZ364.png,0,0,0
vSYYZ365.png,0,0,0
vSYYZ366.png,0,0,0
vSYYZ370.png,0,0,0
vSYYZ371.png,0,0,0
vSYYZ372.png,0,0,0
vSYYZ373.png,0,0,0
vSYYZ374.png,0,0,0
vSYYZ375.png,0,0,0
vSYYZ376.png,0,0,0
vSYYZ377.png,0,0,0
vSYYZ378.png,0,0,0
vSYYZ38.png,0,0,0
vSYYZ380.png,0,0,0
vSYYZ381.png,0,0,0
vSYYZ382.png,0,0,0
vSYYZ383.png,0,0,0
vSYYZ384.png,0,0,0
vSYYZ385.png,0,0,0
vSYYZ387.png,0,0,0
vSYYZ388.png,0,0,0
vSYYZ392.png,0,0,0
vSYYZ393.png,0,0,0
vSYYZ397.png,0,0,0
vSYYZ398.png,0,0,0
vSYYZ40.png,0,0,0
vSYYZ401.png,0,0,0
vSYYZ403.png,0,0,0
vSYYZ404.png,0,0,0
vSYYZ405.png,0,0,0
vSYYZ406.png,0,0,0
vSYYZ407.png,0,0,0
vSYYZ408.png,0,0,0
vSYYZ409.png,0,0,0
vSYYZ413.png,0,0,0
vSYYZ414.png,0,0,0
vSYYZ416.png,0,0,0
vSYYZ418.png,0,0,0
vSYYZ42.png,0,0,0
vSYYZ421.png,0,0,0
vSYYZ423.png,0,0,0
vSYYZ424.png,0,0,0
vSYYZ425.png,0,0,0
vSYYZ426.png,0,0,0
vSYYZ427.png,0,0,0
vSYYZ428.png,0,0,0
vSYYZ429.png,0,0,0
vSYYZ431.png,0,0,0
vSYYZ432.png,0,0,0
vSYYZ433.png,0,0,0
vSYYZ435.png,0,0,0
vSYYZ437.png,0,0,0
vSYYZ44.png,0,0,0
vSYYZ440.png,0,0,0
vSYYZ441.png,0,0,0
vSYYZ442.png,0,0,0
vSYYZ444.png,0,0,0
vSYYZ445.png,0,0,0
vSYYZ446.png,0,0,0
vSYYZ447.png,0,0,0
vSYYZ449.png,0,0,0
vSYYZ450.png,0,0,0
vSYYZ451.png,0,0,0
vSYYZ452.png,0,0,0
vSYYZ453.png,0,0,0
vSYYZ454.png,0,0,0
vSYYZ455.png,0,0,0
vSYYZ456.png,0,0,0
vSYYZ457.png,0,0,0
vSYYZ458.png,0,0,0
vSYYZ459.png,0,0,0
vSYYZ461.png,0,0,0
vSYYZ462.png,0,0,0
vSYYZ463.png,0,0,0
vSYYZ464.png,0,0,0
vSYYZ465.png,0,0,0
vSYYZ466.png,0,0,0
vSYYZ467.png,0,0,0
vSYYZ468.png,0,0,0
vSYYZ469.png,0,0,0
vSYYZ47.png,0,0,0
vSYYZ470.png,0,0,0
vSYYZ472.png,0,0,0
vSYYZ473.png,0,0,0
vSYYZ474.png,0,0,0
vSYYZ476.png,0,0,0
vSYYZ478.png,0,0,0
vSYYZ479.png,0,0,0
vSYYZ48.png,0,0,0
vSYYZ480.png,0,0,0
vSYYZ482.png,0,0,0
vSYYZ483.png,0,0,0
vSYYZ484.png,0,0,0
vSYYZ485.png,0,0,0
vSYYZ486.png,0,0,0
vSYYZ489.png,0,0,0
vSYYZ49.png,0,0,0
vSYYZ490.png,0,0,0
vSYYZ491.png,0,0,0
vSYYZ494.png,0,0,0
vSYYZ495.png,0,0,0
vSYYZ496.png,0,0,0
vSYYZ497.png,0,0,0
vSYYZ498.png,0,0,0
vSYYZ501.png,0,0,0
vSYYZ502.png,0,0,0
vSYYZ503.png,0,0,0
vSYYZ504.png,0,0,0
vSYYZ507.png,0,0,0
vSYYZ508.png,0,0,0
vSYYZ509.png,0,0,0
vSYYZ51.png,0,0,0
vSYYZ510.png,0,0,0
vSYYZ511.png,0,0,0
vSYYZ513.png,0,0,0
vSYYZ514.png,0,0,0
vSYYZ515.png,0,0,0
vSYYZ52.png,0,0,0
vSYYZ520.png,0,0,0
vSYYZ521.png,0,0,0
vSYYZ522.png,0,0,0
vSYYZ523.png,0,0,0
vSYYZ524.png,0,0,0
vSYYZ528.png,0,0,0
vSYYZ53.png,0,0,0
vSYYZ530.png,0,0,0
vSYYZ533.png,0,0,0
vSYYZ534.png,0,0,0
vSYYZ535.png,0,0,0
vSYYZ536.png,0,0,0
vSYYZ538.png,0,0,0
vSYYZ540.png,0,0,0
vSYYZ541.png,0,0,0
vSYYZ542.png,0,0,0
vSYYZ543.png,0,0,0
vSYYZ544.png,0,0,0
vSYYZ545.png,0,0,0
vSYYZ546.png,0,0,0
vSYYZ547.png,0,0,0
vSYYZ548.png,0,0,0
vSYYZ55.png,0,0,0
vSYYZ551.png,0,0,0
vSYYZ553.png,0,0,0
vSYYZ554.png,0,0,0
vSYYZ555.png,0,0,0
vSYYZ557.png,0,0,0
vSYYZ558.png,0,0,0
vSYYZ559.png,0,0,0
vSYYZ56.png,0,0,0
vSYYZ561.png,0,0,0
vSYYZ562.png,0,0,0
vSYYZ563.png,0,0,0
vSYYZ564.png,0,0,0
vSYYZ565.png,0,0,0
vSYYZ566.png,0,0,0
vSYYZ57.png,0,0,0
vSYYZ571.png,0,0,0
vSYYZ572.png,0,0,0
vSYYZ573.png,0,0,0
vSYYZ574.png,0,0,0
vSYYZ575.png,0,0,0
vSYYZ578.png,0,0,0
vSYYZ580.png,0,0,0
vSYYZ581.png,0,0,0
vSYYZ585.png,0,0,0
vSYYZ586.png,0,0,0
vSYYZ587.png,0,0,0
vSYYZ588.png,0,0,0
vSYYZ590.png,0,0,0
vSYYZ591.png,0,0,0
vSYYZ592.png,0,0,0
vSYYZ595.png,0,0,0
vSYYZ598.png,0,0,0
vSYYZ599.png,0,0,0
vSYYZ60.png,0,0,0
vSYYZ600.png,0,0,0
vSYYZ601.png,0,0,0
vSYYZ602.png,0,0,0
vSYYZ603.png,0,0,0
vSYYZ604.png,0,0,0
vSYYZ606.png,0,0,0
vSYYZ607.png,0,0,0
vSYYZ608.png,0,0,0
vSYYZ609.png,0,0,0
vSYYZ61.png,0,0,0
vSYYZ611.png,0,0,0
vSYYZ612.png,0,0,0
vSYYZ614.png,0,0,0
vSYYZ615.png,0,0,0
vSYYZ616.png,0,0,0
vSYYZ617.png,0,0,0
vSYYZ618.png,0,0,0
vSYYZ62.png,0,0,0
vSYYZ620.png,0,0,0
vSYYZ621.png,0,0,0
vSYYZ623.png,0,0,0
vSYYZ624.png,0,0,0
vSYYZ625.png,0,0,0
vSYYZ626.png,0,0,0
vSYYZ628.png,0,0,0
vSYYZ629.png,0,0,0
vSYYZ63.png,0,0,0
vSYYZ630.png,0,0,0
vSYYZ631.png,0,0,0
vSYYZ632.png,0,0,0
vSYYZ634.png,0,0,0
vSYYZ635.png,0,0,0
vSYYZ636.png,0,0,0
vSYYZ638.png,0,0,0
vSYYZ639.png,0,0,0
vSYYZ64.png,0,0,0
vSYYZ641.png,0,0,0
vSYYZ642.png,0,0,0
vSYYZ643.png,0,0,0
vSYYZ644.png,0,0,0
vSYYZ645.png,0,0,0
vSYYZ646.png,0,0,0
vSYYZ647.png,0,0,0
vSYYZ650.png,0,0,0
vSYYZ651.png,0,0,0
vSYYZ653.png,0,0,0
vSYYZ655.png,0,0,0
vSYYZ656.png,0,0,0
vSYYZ657.png,0,0,0
vSYYZ659.png,0,0,0
vSYYZ66.png,0,0,0
vSYYZ660.png,0,0,0
vSYYZ661.png,0,0,0
vSYYZ662.png,0,0,0
vSYYZ663.png,0,0,0
vSYYZ664.png,0,0,0
vSYYZ665.png,0,0,0
vSYYZ666.png,0,0,0
vSYYZ668.png,0,0,0
vSYYZ669.png,0,0,0
vSYYZ670.png,0,0,0
vSYYZ672.png,0,0,0
vSYYZ673.png,0,0,0
vSYYZ676.png,0,0,0
vSYYZ678.png,0,0,0
vSYYZ679.png,0,0,0
vSYYZ68.png,0,0,0
vSYYZ680.png,0,0,0
vSYYZ681.png,0,0,0
vSYYZ682.png,0,0,0
vSYYZ683.png,0,0,0
vSYYZ684.png,0,0,0
vSYYZ685.png,0,0,0
vSYYZ686.png,0,0,0
vSYYZ687.png,0,0,0
vSYYZ689.png,0,0,0
vSYYZ69.png,0,0,0
vSYYZ690.png,0,0,0
vSYYZ692.png,0,0,0
vSYYZ694.png,0,0,0
vSYYZ695.png,0,0,0
vSYYZ697.png,0,0,0
vSYYZ699.png,0,0,0
vSYYZ70.png,0,0,0
vSYYZ702.png,0,0,0
vSYYZ703.png,0,0,0
vSYYZ705.png,0,0,0
vSYYZ706.png,0,0,0
vSYYZ707.png,0,0,0
vSYYZ708.png,0,0,0
vSYYZ709.png,0,0,0
vSYYZ71.png,0,0,0
vSYYZ710.png,0,0,0
vSYYZ711.png,0,0,0
vSYYZ713.png,0,0,0
vSYYZ714.png,0,0,0
vSYYZ715.png,0,0,0
vSYYZ716.png,0,0,0
vSYYZ717.png,0,0,0
vSYYZ718.png,0,0,0
vSYYZ720.png,0,0,0
vSYYZ721.png,0,0,0
vSYYZ722.png,0,0,0
vSYYZ723.png,0,0,0
vSYYZ726.png,0,0,0
vSYYZ728.png,0,0,0
vSYYZ730.png,0,0,0
vSYYZ731.png,0,0,0
vSYYZ732.png,0,0,0
vSYYZ733.png,0,0,0
vSYYZ735.png,0,0,0
vSYYZ736.png,0,0,0
vSYYZ737.png,0,0,0
vSYYZ739.png,0,0,0
vSYYZ74.png,0,0,0
vSYYZ741.png,0,0,0
vSYYZ744.png,0,0,0
vSYYZ745.png,0,0,0
vSYYZ746.png,0,0,0
vSYYZ747.png,0,0,0
vSYYZ748.png,0,0,0
vSYYZ75.png,0,0,0
vSYYZ751.png,0,0,0
vSYYZ753.png,0,0,0
vSYYZ754.png,0,0,0
vSYYZ755.png,0,0,0
vSYYZ756.png,0,0,0
vSYYZ757.png,0,0,0
vSYYZ758.png,0,0,0
vSYYZ759.png,0,0,0
vSYYZ76.png,0,0,0
vSYYZ760.png,0,0,0
vSYYZ761.png,0,0,0
vSYYZ762.png,0,0,0
vSYYZ763.png,0,0,0
vSYYZ764.png,0,0,0
vSYYZ765.png,0,0,0
vSYYZ767.png,0,0,0
vSYYZ768.png,0,0,0
vSYYZ769.png,0,0,0
vSYYZ77.png,0,0,0
vSYYZ770.png,0,0,0
vSYYZ771.png,0,0,0
vSYYZ773.png,0,0,0
vSYYZ774.png,0,0,0
vSYYZ775.png,0,0,0
vSYYZ776.png,0,0,0
vSYYZ777.png,0,0,0
vSYYZ779.png,0,0,0
vSYYZ780.png,0,0,0
vSYYZ781.png,0,0,0
vSYYZ782.png,0,0,0
vSYYZ783.png,0,0,0
vSYYZ784.png,0,0,0
vSYYZ789.png,0,0,0
vSYYZ790.png,0,0,0
vSYYZ794.png,0,0,0
vSYYZ795.png,0,0,0
vSYYZ796.png,0,0,0
vSYYZ797.png,0,0,0
vSYYZ798.png,0,0,0
vSYYZ799.png,0,0,0
vSYYZ80.png,0,0,0
vSYYZ800.png,0,0,0
vSYYZ801.png,0,0,0
vSYYZ803.png,0,0,0
vSYYZ805.png,0,0,0
vSYYZ806.png,0,0,0
vSYYZ807.png,0,0,0
vSYYZ809.png,0,0,0
vSYYZ81.png,0,0,0
vSYYZ810.png,0,0,0
vSYYZ811.png,0,0,0
vSYYZ813.png,0,0,0
vSYYZ815.png,0,0,0
vSYYZ816.png,0,0,0
vSYYZ817.png,0,0,0
vSYYZ819.png,0,0,0
vSYYZ82.png,0,0,0
vSYYZ820.png,0,0,0
vSYYZ821.png,0,0,0
vSYYZ822.png,0,0,0
vSYYZ824.png,0,0,0
vSYYZ825.png,0,0,0
vSYYZ827.png,0,0,0
vSYYZ83.png,0,0,0
vSYYZ830.png,0,0,0
vSYYZ832.png,0,0,0
vSYYZ833.png,0,0,0
vSYYZ834.png,0,0,0
vSYYZ835.png,0,0,0
vSYYZ836.png,0,0,0
vSYYZ837.png,0,0,0
vSYYZ838.png,0,0,0
vSYYZ839.png,0,0,0
vSYYZ84.png,0,0,0
vSYYZ840.png,0,0,0
vSYYZ841.png,0,0,0
vSYYZ842.png,0,0,0
vSYYZ846.png,0,0,0
vSYYZ85.png,0,0,0
vSYYZ850.png,0,0,0
vSYYZ851.png,0,0,0
vSYYZ852.png,0,0,0
vSYYZ853.png,0,0,0
vSYYZ854.png,0,0,0
vSYYZ855.png,0,0,0
vSYYZ856.png,0,0,0
vSYYZ858.png,0,0,0
vSYYZ859.png,0,0,0
vSYYZ86.png,0,0,0
vSYYZ860.png,0,0,0
vSYYZ861.png,0,0,0
vSYYZ862.png,0,0,0
vSYYZ863.png,0,0,0
vSYYZ864.png,0,0,0
vSYYZ866.png,0,0,0
vSYYZ867.png,0,0,0
vSYYZ868.png,0,0,0
vSYYZ87.png,0,0,0
vSYYZ870.png,0,0,0
vSYYZ871.png,0,0,0
vSYYZ872.png,0,0,0
vSYYZ873.png,0,0,0
vSYYZ874.png,0,0,0
vSYYZ875.png,0,0,0
vSYYZ876.png,0,0,0
vSYYZ877.png,0,0,0
vSYYZ878.png,0,0,0
vSYYZ879.png,0,0,0
vSYYZ88.png,0,0,0
vSYYZ880.png,0,0,0
vSYYZ881.png,0,0,0
vSYYZ882.png,0,0,0
vSYYZ883.png,0,0,0
vSYYZ884.png,0,0,0
vSYYZ885.png,0,0,0
vSYYZ889.png,0,0,0
vSYYZ89.png,0,0,0
vSYYZ890.png,0,0,0
vSYYZ895.png,0,0,0
vSYYZ896.png,0,0,0
vSYYZ90.png,0,0,0
vSYYZ900.png,0,0,0
vSYYZ902.png,0,0,0
vSYYZ903.png,0,0,0
vSYYZ904.png,0,0,0
vSYYZ905.png,0,0,0
vSYYZ906.png,0,0,0
vSYYZ907.png,0,0,0
vSYYZ909.png,0,0,0
vSYYZ910.png,0,0,0
vSYYZ911.png,0,0,0
vSYYZ912.png,0,0,0
vSYYZ913.png,0,0,0
vSYYZ914.png,0,0,0
vSYYZ915.png,0,0,0
vSYYZ916.png,0,0,0
vSYYZ917.png,0,0,0
vSYYZ918.png,0,0,0
vSYYZ920.png,0,0,0
vSYYZ921.png,0,0,0
vSYYZ922.png,0,0,0
vSYYZ923.png,0,0,0
vSYYZ924.png,0,0,0
vSYYZ925.png,0,0,0
vSYYZ928.png,0,0,0
vSYYZ929.png,0,0,0
vSYYZ93.png,0,0,0
vSYYZ930.png,0,0,0
vSYYZ932.png,0,0,0
vSYYZ933.png,0,0,0
vSYYZ935.png,0,0,0
vSYYZ94.png,0,0,0
vSYYZ941.png,0,0,0
vSYYZ942.png,0,0,0
vSYYZ943.png,0,0,0
vSYYZ944.png,0,0,0
vSYYZ945.png,0,0,0
vSYYZ946.png,0,0,0
vSYYZ947.png,0,0,0
vSYYZ949.png,0,0,0
vSYYZ95.png,0,0,0
vSYYZ950.png,0,0,0
vSYYZ953.png,0,0,0
vSYYZ954.png,0,0,0
vSYYZ956.png,0,0,0
vSYYZ957.png,0,0,0
vSYYZ958.png,0,0,0
vSYYZ96.png,0,0,0
vSYYZ98.png,0,0,0
xfsy_0002.png,0,0,0
xfsy_0004.png,0,0,0
xfsy_0005.png,0,0,0
xfsy_0006.png,0,0,0
xfsy_0007.png,0,0,0
xfsy_0008.png,0,0,0
xfsy_0009.png,0,0,0
xfsy_0011.png,0,0,0
xfsy_0012.png,0,0,0
xfsy_0013.png,0,0,0
xfsy_0015.png,0,0,0
xfsy_0016.png,0,0,0
xfsy_0017.png,0,0,0
xfsy_0019.png,0,0,0
xfsy_0020.png,0,0,0
xfsy_0022.png,0,0,0
xfsy_0023.png,0,0,0
xfsy_0024.png,0,0,0
xfsy_0025.png,0,0,0
xfsy_0026.png,0,0,0
xfsy_0027.png,0,0,0
xfsy_0029.png,0,0,0
xfsy_0030.png,0,0,0
xfsy_0031.png,0,0,0
xfsy_0032.png,0,0,0
xfsy_0033.png,0,0,0
xfsy_0034.png,0,0,0
xfsy_0035.png,0,0,0
xfsy_0036.png,0,0,0
xfsy_0037.png,0,0,0
xfsy_0038.png,0,0,0
xfsy_0039.png,0,0,0
xfsy_0040.png,0,0,0
xfsy_0041.png,0,0,0
xfsy_0042.png,0,0,0
xfsy_0044.png,0,0,0
xfsy_0045.png,0,0,0
xfsy_0047.png,0,0,0
xfsy_0048.png,0,0,0
xfsy_0049.png,0,0,0
xfsy_0051.png,0,0,0
xfsy_0052.png,0,0,0
xfsy_0054.png,0,0,0
xfsy_0055.png,0,0,0
xfsy_0057.png,0,0,0
xfsy_0058.png,0,0,0
xfsy_0059.png,0,0,0
xfsy_0060.png,0,0,0
xfsy_0061.png,0,0,0
xfsy_0062.png,0,0,0
xfsy_0063.png,0,0,0
xfsy_0067.png,0,0,0
xfsy_0068.png,0,0,0
xfsy_0069.png,0,0,0
xfsy_0070.png,0,0,0
xfsy_0071.png,0,0,0
xfsy_0072.png,0,0,0
xfsy_0073.png,0,0,0
xfsy_0074.png,0,0,0
xfsy_0076.png,0,0,0
xfsy_0077.png,0,0,0
xfsy_0078.png,0,0,0
xfsy_0083.png,0,0,0
xfsy_0084.png,0,0,0
xfsy_0085.png,0,0,0
xfsy_0086.png,0,0,0
xfsy_0088.png,0,0,0
xfsy_0089.png,0,0,0
xfsy_0091.png,0,0,0
xfsy_0092.png,0,0,0
xfsy_0094.png,0,0,0
xfsy_0095.png,0,0,0
xfsy_0097.png,0,0,0
xfsy_0098.png,0,0,0
xfsy_0099.png,0,0,0
xfsy_0100.png,0,0,0
xfsy_0101.png,0,0,0
xfsy_0102.png,0,0,0
xfsy_0103.png,0,0,0
xfsy_0104.png,0,0,0
xfsy_0106.png,0,0,0
xfsy_0107.png,0,0,0
xfsy_0109.png,0,0,0
xfsy_0110.png,0,0,0
xfsy_0113.png,0,0,0
xfsy_0114.png,0,0,0
xfsy_0115.png,0,0,0
xfsy_0116.png,0,0,0
xfsy_0117.png,0,0,0
xfsy_0119.png,0,0,0
xfsy_0121.png,0,0,0
xfsy_0124.png,0,0,0
xfsy_0125.png,0,0,0
xfsy_0126.png,0,0,0
xfsy_0127.png,0,0,0
xfsy_0128.png,0,0,0
xfsy_0129.png,0,0,0
xfsy_0130.png,0,0,0
xfsy_0131.png,0,0,0
xfsy_0133.png,0,0,0
xfsy_0135.png,0,0,0
xfsy_0136.png,0,0,0
xfsy_0138.png,0,0,0
xfsy_0139.png,0,0,0
xfsy_0141.png,0,0,0
xfsy_0142.png,0,0,0
xfsy_0143.png,0,0,0
xfsy_0144.png,0,0,0
xfsy_0145.png,0,0,0
xfsy_0146.png,0,0,0
xfsy_0147.png,0,0,0
xfsy_0148.png,0,0,0
xfsy_0149.png,0,0,0
xfsy_0150.png,0,0,0
xfsy_0151.png,0,0,0
xfsy_0152.png,0,0,0
xfsy_0153.png,0,0,0
xfsy_0154.png,0,0,0
xfsy_0156.png,0,0,0
xfsy_0157.png,0,0,0
xfsy_0158.png,0,0,0
xfsy_0159.png,0,0,0
xfsy_0161.png,0,0,0
xfsy_0162.png,0,0,0
xfsy_0163.png,0,0,0
xfsy_0164.png,0,0,0
xfsy_0165.png,0,0,0
xfsy_0166.png,0,0,0
xfsy_0167.png,0,0,0
xfsy_0168.png,0,0,0
xfsy_0170.png,0,0,0
xfsy_0172.png,0,0,0
xfsy_0173.png,0,0,0
xfsy_0174.png,0,0,0
xfsy_0175.png,0,0,0
xfsy_0176.png,0,0,0
xfsy_0177.png,0,0,0
xfsy_0178.png,0,0,0
xfsy_0179.png,0,0,0
xfsy_0181.png,0,0,0
xfsy_0182.png,0,0,0
xfsy_0183.png,0,0,0
xfsy_0185.png,0,0,0
xfsy_0186.png,0,0,0
xfsy_0187.png,0,0,0
xfsy_0188.png,0,0,0
xfsy_0189.png,0,0,0
xfsy_0190.png,0,0,0
xfsy_0193.png,0,0,0
xfsy_0194.png,0,0,0
xfsy_0195.png,0,0,0
xfsy_0196.png,0,0,0
xfsy_0197.png,0,0,0
xfsy_0198.png,0,0,0
xfsy_0200.png,0,0,0
xfsy_0201.png,0,0,0
xfsy_0202.png,0,0,0
xfsy_0203.png,0,0,0
xfsy_0204.png,0,0,0
xfsy_0205.png,0,0,0
xfsy_0207.png,0,0,0
xfsy_0208.png,0,0,0
xfsy_0209.png,0,0,0
xfsy_0210.png,0,0,0
xfsy_0211.png,0,0,0
xfsy_0213.png,0,0,0
xfsy_0214.png,0,0,0
xfsy_0215.png,0,0,0
xfsy_0216.png,0,0,0
xfsy_0217.png,0,0,0
xfsy_0218.png,0,0,0
xfsy_0219.png,0,0,0
xfsy_0220.png,0,0,0
xfsy_0221.png,0,0,0
xfsy_0223.png,0,0,0
xfsy_0224.png,0,0,0
xfsy_0225.png,0,0,0
xfsy_0226.png,0,0,0
xfsy_0227.png,0,0,0
xfsy_0230.png,0,0,0
xfsy_0231.png,0,0,0
xfsy_0232.png,0,0,0
xfsy_0233.png,0,0,0
xfsy_0234.png,0,0,0
xfsy_0236.png,0,0,0
xfsy_0237.png,0,0,0
xfsy_0238.png,0,0,0
xfsy_0239.png,0,0,0
xfsy_0240.png,0,0,0
xfsy_0242.png,0,0,0
xfsy_0243.png,0,0,0
xfsy_0244.png,0,0,0
xfsy_0245.png,0,0,0
xfsy_0247.png,0,0,0
xfsy_0248.png,0,0,0
xfsy_0249.png,0,0,0
xfsy_0251.png,0,0,0
xfsy_0253.png,0,0,0
xfsy_0254.png,0,0,0
xfsy_0256.png,0,0,0
xfsy_0257.png,0,0,0
xfsy_0258.png,0,0,0
xfsy_0259.png,0,0,0
xfsy_0261.png,0,0,0
xfsy_0263.png,0,0,0
xfsy_0264.png,0,0,0
xfsy_0265.png,0,0,0
xfsy_0266.png,0,0,0
xfsy_0267.png,0,0,0
xfsy_0268.png,0,0,0
xfsy_0269.png,0,0,0
xfsy_0272.png,0,0,0
xfsy_0273.png,0,0,0
xfsy_0274.png,0,0,0
xfsy_0276.png,0,0,0
xfsy_0277.png,0,0,0
xfsy_0279.png,0,0,0
xfsy_0280.png,0,0,0
xfsy_0282.png,0,0,0
xfsy_0283.png,0,0,0
xfsy_0284.png,0,0,0
xfsy_0285.png,0,0,0
xfsy_0288.png,0,0,0
xfsy_0289.png,0,0,0
xfsy_0290.png,0,0,0
xfsy_0291.png,0,0,0
xfsy_0294.png,0,0,0
xfsy_0295.png,0,0,0
xfsy_0298.png,0,0,0
xfsy_0299.png,0,0,0
xfsy_0300.png,0,0,0
xfsy_0301.png,0,0,0
xfsy_0302.png,0,0,0
xfsy_0303.png,0,0,0
xfsy_0304.png,0,0,0
xfsy_0306.png,0,0,0
xfsy_0307.png,0,0,0
xfsy_0308.png,0,0,0
xfsy_0309.png,0,0,0
xfsy_0310.png,0,0,0
xfsy_0312.png,0,0,0
xfsy_0313.png,0,0,0
xfsy_0315.png,0,0,0
xfsy_0317.png,0,0,0
xfsy_0318.png,0,0,0
xfsy_0321.png,0,0,0
xfsy_0322.png,0,0,0
xfsy_0324.png,0,0,0
xfsy_0326.png,0,0,0
xfsy_0327.png,0,0,0
xfsy_0329.png,0,0,0
xfsy_0330.png,0,0,0
xfsy_0331.png,0,0,0
xfsy_0333.png,0,0,0
xfsy_0334.png,0,0,0
xfsy_0336.png,0,0,0
xfsy_0338.png,0,0,0
xfsy_0339.png,0,0,0
xfsy_0340.png,0,0,0
xfsy_0341.png,0,0,0
xfsy_0342.png,0,0,0
xfsy_0343.png,0,0,0
xfsy_0345.png,0,0,0
xfsy_0350.png,0,0,0
xfsy_0351.png,0,0,0
xfsy_0352.png,0,0,0
xfsy_0353.png,0,0,0
xfsy_0354.png,0,0,0
xfsy_0356.png,0,0,0
xfsy_0358.png,0,0,0
xfsy_0360.png,0,0,0
xfsy_0361.png,0,0,0
xfsy_0362.png,0,0,0
xfsy_0363.png,0,0,0
xfsy_0364.png,0,0,0
xfsy_0366.png,0,0,0
xfsy_0369.png,0,0,0
xfsy_0370.png,0,0,0
xfsy_0371.png,0,0,0
xfsy_0372.png,0,0,0
xfsy_0373.png,0,0,0
xfsy_0377.png,0,0,0
xfsy_0378.png,0,0,0
xfsy_0379.png,0,0,0
xfsy_0380.png,0,0,0
xfsy_0381.png,0,0,0
xfsy_0382.png,0,0,0
xfsy_0383.png,0,0,0
xfsy_0384.png,0,0,0
xfsy_0385.png,0,0,0
xfsy_0386.png,0,0,0
xfsy_0387.png,0,0,0
xfsy_0388.png,0,0,0
xfsy_0389.png,0,0,0
xfsy_0390.png,0,0,0
xfsy_0394.png,0,0,0
xfsy_0396.png,0,0,0
xfsy_0397.png,0,0,0
xfsy_0398.png,0,0,0
xfsy_0399.png,0,0,0
xfsy_0400.png,0,0,0
xfsy_0401.png,0,0,0
xfsy_0402.png,0,0,0
xfsy_0403.png,0,0,0
xfsy_0404.png,0,0,0
xfsy_0405.png,0,0,0
xfsy_0406.png,0,0,0
xfsy_0407.png,0,0,0
xfsy_0408.png,0,0,0
xfsy_0409.png,0,0,0
xfsy_0410.png,0,0,0
xfsy_0411.png,0,0,0
xfsy_0412.png,0,0,0
xfsy_0413.png,0,0,0
xfsy_0415.png,0,0,0
xfsy_0416.png,0,0,0
xfsy_0417.png,0,0,0
xfsy_0418.png,0,0,0
xfsy_0420.png,0,0,0
xfsy_0421.png,0,0,0
xfsy_0422.png,0,0,0
xfsy_0423.png,0,0,0
xfsy_0424.png,0,0,0
xfsy_0425.png,0,0,0
xfsy_0426.png,0,0,0
xfsy_0428.png,0,0,0
xfsy_0429.png,0,0,0
xfsy_0430.png,0,0,0
xfsy_0431.png,0,0,0
xfsy_0434.png,0,0,0
xfsy_0435.png,0,0,0
xfsy_0436.png,0,0,0
xfsy_0437.png,0,0,0
xfsy_0438.png,0,0,0
xfsy_0439.png,0,0,0
xfsy_0440.png,0,0,0
xfsy_0441.png,0,0,0
xfsy_0443.png,0,0,0
xfsy_0444.png,0,0,0
xfsy_0446.png,0,0,0
xfsy_0447.png,0,0,0
xfsy_0448.png,0,0,0
xfsy_0450.png,0,0,0
xfsy_0452.png,0,0,0
xfsy_0454.png,0,0,0
xfsy_0456.png,0,0,0
xfsy_0457.png,0,0,0
xfsy_0458.png,0,0,0
xfsy_0459.png,0,0,0
xfsy_0460.png,0,0,0
xfsy_0461.png,0,0,0
xfsy_0462.png,0,0,0
xfsy_0463.png,0,0,0
xfsy_0464.png,0,0,0
xfsy_0465.png,0,0,0
xfsy_0466.png,0,0,0
xfsy_0468.png,0,0,0
xfsy_0469.png,0,0,0
xfsy_0470.png,0,0,0
xfsy_0474.png,0,0,0
xfsy_0475.png,0,0,0
xfsy_0476.png,0,0,0
xfsy_0477.png,0,0,0
xfsy_0478.png,0,0,0
xfsy_0480.png,0,0,0
xfsy_0482.png,0,0,0
xfsy_0483.png,0,0,0
xfsy_0484.png,0,0,0
xfsy_0485.png,0,0,0
xfsy_0486.png,0,0,0
xfsy_0487.png,0,0,0
xfsy_0489.png,0,0,0
xfsy_0490.png,0,0,0
xfsy_0491.png,0,0,0
xfsy_0492.png,0,0,0
xfsy_0493.png,0,0,0
xfsy_0494.png,0,0,0
xfsy_0495.png,0,0,0
xfsy_0496.png,0,0,0
xfsy_0497.png,0,0,0
xfsy_0498.png,0,0,0
xfsy_0499.png,0,0,0
xfsy_0500.png,0,0,0
xfsy_0503.png,0,0,0
xfsy_0504.png,0,0,0
xfsy_0505.png,0,0,0
xfsy_0506.png,0,0,0
xfsy_0507.png,0,0,0
xfsy_0508.png,0,0,0
xfsy_0509.png,0,0,0
xfsy_0510.png,0,0,0
xfsy_0512.png,0,0,0
xfsy_0513.png,0,0,0
xfsy_0515.png,0,0,0
xfsy_0517.png,0,0,0
xfsy_0518.png,0,0,0
xfsy_0520.png,0,0,0
xfsy_0521.png,0,0,0
xfsy_0522.png,0,0,0
xfsy_0523.png,0,0,0
xfsy_0525.png,0,0,0
